"Use For Go-Live? Y/N","Source Code","Item Name","Quote Unit","Customer Charge","Costing Shape","Material 1","Qty/Ratio 1","Material 2","Qty/Ratio 2","Material 3","Qty/Ratio 3","Making/Service Charge","Per Unit or Lump Sum","Stock Tracked?","Customer Supplied Possible?",Notes
,943,"Smile Juice",,,,,,,,,,,,,,
,139,"Welcome Drink",,,,,,,,,,,,,,
,290,"Chicken Yakhni Soup",,,,,,,,,,,,,,
,84,"Hot & Sour Soup",,,,,,,,,,,,,,
,72,"Chicken Corn Soup",,,,,,,,,,,,,,
,433,"Fresh Lime",,,,,,,,,,,,,,
,954,"Wonton Starter",,,,,,,,,,,,,,
,955,"Chicken Pocket Starter",,,,,,,,,,,,,,
,796,"Mint Roll Starter",,,,,,,,,,,,,,
,953,"Dhaka Chicken Starter",,,,,,,,,,,,,,
,950,"Arabian Puff Starter",,,,,,,,,,,,,,
,951,"Chicken Cheese Cone Starter",,,,,,,,,,,,,,
,952,"Peri Bites Starter",,,,,,,,,,,,,,
,956,"Chiky Micky Starter",,,,,,,,,,,,,,
,452,"Chicken Thai Soup",,,,,,,,,,,,,,
,453,"Chicken Vegetable Soup",,,,,,,,,,,,,,
,279,"Juice Bar",,,,,,,,,,,,,,
,307,"Lemon Squash",,,,,,,,,,,,,,
,281,"Maaza Juice",,,,,,,,,,,,,,
,296,"Chicken Mushroom Soup",,,,,,,,,,,,,,
,527,"Candy Floss",,,,,,,,,,,,,,
,528,"Pop Corn",,,,,,,,,,,,,,
,339,"Pani Puri",,,,,,,,,,,,,,
,544,"Meethi Puri",,,,,,,,,,,,,,
,624,Dates,,,,,,,,,,,,,,
,335,"Chana Chaat",,,,,,,,,,,,,,
,336,"Bun Kabab",,,,,,,,,,,,,,
,143,"Samosa Qeema Beef",,,,,,,,,,,,,,
,151,"Rooh Afza",,,,,,,,,,,,,,
,144,"Samosa Aloo",,,,,,,,,,,,,,
,209,"Fruit Chaat",,,,,,,,,,,,,,
,533,Shawarma,,,,,,,,,,,,,,
,334,"Gola Ganda",,,,,,,,,,,,,,
,593,"Soya Bean Stick",,,,,,,,,,,,,,
,693,Omelette,,,,,,,,,,,,,,
,694,"Bread Slice",,,,,,,,,,,,,,
,695,Cracker,,,,,,,,,,,,,,
,704,"Bread Stick",,,,,,,,,,,,,,
,709,"Bhel Puri",,,,,,,,,,,,,,
,711,"Limca Drink",,,,,,,,,,,,,,
,721,"Peri Bite",,,,,,,,,,,,,,
,724,"Assorted Canapes",,,,,,,,,,,,,,
,725,"Onion Rings",,,,,,,,,,,,,,
,726,"Chicken Croissant",,,,,,,,,,,,,,
,727,"Chicken Cream Soup",,,,,,,,,,,,,,
,737,"Baby Donut",,,,,,,,,,,,,,
,739,Cap,,,,,,,,,,,,,,
,740,T-Shirt,,,,,,,,,,,,,,
,741,Shirt,,,,,,,,,,,,,,
,752,"Dynamite Chicken",,,,,,,,,,,,,,
,787,"Kachori Mehmood",,,,,,,,,,,,,,
,822,"Extra Bun",,,,,,,,,,,,,,
,831,"Chicken Shot",,,,,,,,,,,,,,
,844,"Welcome Platter Fried 360",,,,,,,,,,,,,,
,859,"Korean Bite",,,,,,,,,,,,,,
,883,"Dynamite Prawns",,,,,,,,,,,,,,
,932,"Fruit Shot",,,,,,,,,,,,,,
,949,"Spring Roll Starter",,,,,,,,,,,,,,
,375,"Biryani Masala Beef Boneless",,,,,,,,,,,,,,
,136,"Biryani Masala Aloo",,,,,,,,,,,,,,
,361,"Biryani Masala Beef",,,,,,,,,,,,,,
,247,"Biryani Masala Qeema",,,,,,,,,,,,,,
,79,"Biryani Masala Aloo Chana",,,,,,,,,,,,,,
,312,"Pulao Aloo Chana",,,,,,,,,,,,,,
,275,"Pulao Afghani Mutton",,,,,,,,,,,,,,
,469,"Fried Rice Beef",,,,,,,,,,,,,,
,260,"Biryani Masala Chana",,,,,,,,,,,,,,
,1,"Biryani Masala Chicken",,,,,,,,,,,,,,
,318,"Biryani Masala Fish",,,,,,,,,,,,,,
,481,"Biryani Masala Kofta Beef",,,,,,,,,,,,,,
,480,"Biryani Masala Kofta Chicken",,,,,,,,,,,,,,
,2,"Biryani Masala Mutton",,,,,,,,,,,,,,
,475,"Biryani Masala Prawn",,,,,,,,,,,,,,
,512,"Biryani Zafran",,,,,,,,,,,,,,
,252,"Pulao Chana",,,,,,,,,,,,,,
,8,"Egg Fried Rice Chicken",,,,,,,,,,,,,,
,7,"Fried Rice Chicken",,,,,,,,,,,,,,
,236,"Vegetable Rice Chicken",,,,,,,,,,,,,,
,179,"Fried Rice",,,,,,,,,,,,,,
,472,"Fried Rice Mutton",,,,,,,,,,,,,,
,474,"Fried Rice Prawn",,,,,,,,,,,,,,
,177,"Biryani Sada Mutton",,,,,,,,,,,,,,
,182,"Biryani Sada Mutton Zafran",,,,,,,,,,,,,,
,483,"Pulao Kofta Beef",,,,,,,,,,,,,,
,322,"Biryani Malka Masoor",,,,,,,,,,,,,,
,164,"Pulao Masoor",,,,,,,,,,,,,,
,102,"Peas Pulao",,,,,,,,,,,,,,
,505,"Packing Large Boxes",,,,,,,,,,,,,,
,356,"Pulao Fish",,,,,,,,,,,,,,
,304,"Pulao Kofta Chicken",,,,,,,,,,,,,,
,476,"Pulao Prawn",,,,,,,,,,,,,,
,288,Rice,,,,,,,,,,,,,,
,130,"Singaporean Rice",,,,,,,,,,,,,,
,477,"Steamed Rice White",,,,,,,,,,,,,,
,461,"Biryani Tikka Chicken",,,,,,,,,,,,,,
,478,"Vegetable Rice",,,,,,,,,,,,,,
,155,"Biryani Vegetable",,,,,,,,,,,,,,
,9,"Fried Rice Vegetable",,,,,,,,,,,,,,
,265,"Pulao Vegetable",,,,,,,,,,,,,,
,518,"Yakhni Pulao Beef",,,,,,,,,,,,,,
,484,"Yakhni Pulao Beef Boneless",,,,,,,,,,,,,,
,4,"Pulao Chicken",,,,,,,,,,,,,,
,5,"Yakhni Pulao Mutton",,,,,,,,,,,,,,
,96,"Zeera Pulao",,,,,,,,,,,,,,
,520,"Biryani Sada Beef Zafran",,,,,,,,,,,,,,
,522,"Biryani Masala Chicken Aloo",,,,,,,,,,,,,,
,523,"Biryani Sada Chicken Zafran",,,,,,,,,,,,,,
,525,"Rice 11-21 Mughlai",,,,,,,,,,,,,,
,534,"Biryani Sada Beef",,,,,,,,,,,,,,
,530,"Biryani Sada Chicken",,,,,,,,,,,,,,
,535,"Vegetable Fried Rice",,,,,,,,,,,,,,
,542,"Biryani Masala Beef Aloo",,,,,,,,,,,,,,
,551,"Danda Biryani Zafran",,,,,,,,,,,,,,
,557,"Biryani Masala Chicken Single Box",,,,,,,,,,,,,,
,561,"Biryani Chicken Box",,,,,,,,,,,,,,
,566,"Singaporean Rice Counter",,,,,,,,,,,,,,
,567,"Biryani Masala Mutton Aloo",,,,,,,,,,,,,,
,575,"Chicken Biryani Box Small",,,,,,,,,,,,,,
,579,"Biryani Masala Lamb",,,,,,,,,,,,,,
,587,"Pulao Chicken Aloo",,,,,,,,,,,,,,
,591,"Singaporean Rice Box Small",,,,,,,,,,,,,,
,596,"Pulao Chicken Box Small",,,,,,,,,,,,,,
,599,"Beef Qeema Aloo Tehri",,,,,,,,,,,,,,
,600,"Rice Baig",,,,,,,,,,,,,,
,602,"Biryani Bucket Large",,,,,,,,,,,,,,
,610,"Afghani Chicken Pulao",,,,,,,,,,,,,,
,611,"Singaporean Rice Kofta",,,,,,,,,,,,,,
,625,"Biryani Box Large",,,,,,,,,,,,,,
,629,"Zeera Rice Daal Chana",,,,,,,,,,,,,,
,659,"Beef Qeema with Mutton Chops",,,,,,,,,,,,,,
,664,"Biryani Masala White Beef",,,,,,,,,,,,,,
,665,"Vegetable Fried Rice",,,,,,,,,,,,,,
,668,"Biryani White Mutton",,,,,,,,,,,,,,
,672,"Biryani White Masala Beef",,,,,,,,,,,,,,
,673,"Biryani White Masala Chicken",,,,,,,,,,,,,,
,674,"Biryani White Masala Mutton",,,,,,,,,,,,,,
,683,"Aloo Tehri",,,,,,,,,,,,,,
,701,"Duck Pulao",,,,,,,,,,,,,,
,705,"Chicken Biryani Boneless",,,,,,,,,,,,,,
,742,"Beef Bong Biryani",,,,,,,,,,,,,,
,429,"Balti Gosht Mutton",,,,,,,,,,,,,,
,14,"Qorma Mutton",,,,,,,,,,,,,,
,400,"Balti Gosht Chicken",,,,,,,,,,,,,,
,342,"Karahi Green Chicken",,,,,,,,,,,,,,
,163,"Aloo Gosht Beef",,,,,,,,,,,,,,
,162,"Achar Gosht Beef",,,,,,,,,,,,,,
,382,"Achar Handi Beef",,,,,,,,,,,,,,
,583,"Beef Chilli Dry",,,,,,,,,,,,,,
,761,"Karahi Chicken Peshawari",,,,,,,,,,,,,,
,764,"Kashmiri Pulao Chicken",,,,,,,,,,,,,,
,112,"Daal Gosht Beef",,,,,,,,,,,,,,
,766,"Pulao Biryani Chicken",,,,,,,,,,,,,,
,767,"Pulao Biryani Beef",,,,,,,,,,,,,,
,784,"Vegetable Fried Rice with Beef Chilli",,,,,,,,,,,,,,
,792,"Current Pulao Beef",,,,,,,,,,,,,,
,379,"Handi Beef Boneless",,,,,,,,,,,,,,
,808,"Zeera Rice",,,,,,,,,,,,,,
,813,"Afghani Pulao Beef",,,,,,,,,,,,,,
,823,"Afghani Pulao Mutton",,,,,,,,,,,,,,
,17,"Karahi Beef",,,,,,,,,,,,,,
,824,"Afghani Rice",,,,,,,,,,,,,,
,829,"Current Pulao Chicken",,,,,,,,,,,,,,
,491,"Karahi Beef Boneless Live",,,,,,,,,,,,,,
,309,"Karahi Green Beef",,,,,,,,,,,,,,
,845,"Beef Chilli",,,,,,,,,,,,,,
,855,"Chicken Madbi",,,,,,,,,,,,,,
,25,"Kofta Beef",,,,,,,,,,,,,,
,246,"Kunna Beef",,,,,,,,,,,,,,
,876,"Chicken Malai Seekh Biryani",,,,,,,,,,,,,,
,887,"Biryani Dum Wali Mutton",,,,,,,,,,,,,,
,893,"Biryani Beef Boneless Box",,,,,,,,,,,,,,
,26,"Nargisi Kofta Beef",,,,,,,,,,,,,,
,908,"Biryani Masala Sada",,,,,,,,,,,,,,
,67,"Paya Beef",,,,,,,,,,,,,,
,289,"Palak Gosht Beef",,,,,,,,,,,,,,
,156,"Palak Paneer Beef",,,,,,,,,,,,,,
,287,"Pasanday Beef",,,,,,,,,,,,,,
,27,"Qeema Beef",,,,,,,,,,,,,,
,488,"Stew Qeema Beef",,,,,,,,,,,,,,
,500,"Qorma Beef",,,,,,,,,,,,,,
,499,"Qorma Beef Boneless",,,,,,,,,,,,,,
,262,"Shashlik Beef",,,,,,,,,,,,,,
,386,"Shimla Mirch Qeema Beef",,,,,,,,,,,,,,
,1005,"Chicken Makhni Handi",,,,,,,,,,,,,,
,285,"Stew Beef",,,,,,,,,,,,,,
,227,"White Karahi Beef",,,,,,,,,,,,,,
,302,"White Qorma Beef",,,,,,,,,,,,,,
,323,"Brain Masala",,,,,,,,,,,,,,
,234,"Aloo Gosht Chicken",,,,,,,,,,,,,,
,399,"Aloo Qorma Chicken",,,,,,,,,,,,,,
,111,"Achar Gosht Chicken",,,,,,,,,,,,,,
,287,"Chicken Butter",,,,,,,,,,,,,,
,189,"Chow Mein Chicken",,,,,,,,,,,,,,
,11,"Chilli Chicken",,,,,,,,,,,,,,
,391,"Chillies Vegetable Chicken",,,,,,,,,,,,,,
,300,"Choley Chicken",,,,,,,,,,,,,,
,124,"Ginger Chicken",,,,,,,,,,,,,,
,228,"Green Karahi Chicken",,,,,,,,,,,,,,
,259,"Haleem Chicken",,,,,,,,,,,,,,
,519,"Handi Chicken",,,,,,,,,,,,,,
,76,"Handi Chicken Boneless Special",,,,,,,,,,,,,,
,TRUNCATED,"Jalfrezi Chicken",,,,,,,,,,,,,,
,TRUNCATED,"Karahi Chicken",,,,,,,,,,,,,,
,TRUNCATED,"Karahi Chicken Boneless",,,,,,,,,,,,,,
,TRUNCATED,"Karahi Chicken Live",,,,,,,,,,,,,,
,TRUNCATED,"Kofta Chicken",,,,,,,,,,,,,,
,TRUNCATED,"Makhni Chicken",,,,,,,,,,,,,,
,TRUNCATED,"Malai Kofta Chicken",,,,,,,,,,,,,,
,TRUNCATED,"Manchurian Chicken",,,,,,,,,,,,,,
,TRUNCATED,"Nargisi Kofta Chicken",,,,,,,,,,,,,,
,TRUNCATED,"Garlic Rice",,,,,,,,,,,,,,
,TRUNCATED,"Famous Tehri Hyderabadi Mutton",,,,,,,,,,,,,,
,TRUNCATED,"Nihari Chicken",,,,,,,,,,,,,,
,TRUNCATED,"Palak Paneer Chicken",,,,,,,,,,,,,,
,TRUNCATED,"Beef Biryani Sindhi Aloo",,,,,,,,,,,,,,
,TRUNCATED,"Chicken Mandi",,,,,,,,,,,,,,
,TRUNCATED,"Stew Qeema Chicken",,,,,,,,,,,,,,
,TRUNCATED,"Qorma Badami Chicken",,,,,,,,,,,,,,
,TRUNCATED,"Masala Rice Boiled",,,,,,,,,,,,,,
,TRUNCATED,"Masala Pulao Aloo",,,,,,,,,,,,,,
,TRUNCATED,"Stew Chicken",,,,,,,,,,,,,,
,TRUNCATED,"Afghani Chicken Biryani",,,,,,,,,,,,,,
,TRUNCATED,"Khatri Biryani Beef",,,,,,,,,,,,,,
,TRUNCATED,"Karahi White Chicken",,,,,,,,,,,,,,
,TRUNCATED,"Qorma White Chicken",,,,,,,,,,,,,,
,TRUNCATED,"Chicken Khatri Biryani",,,,,,,,,,,,,,
,TRUNCATED,"Beef Khatri Biryani Box Small",,,,,,,,,,,,,,
,TRUNCATED,"Vegetable Chow Mein",,,,,,,,,,,,,,
,TRUNCATED,"Daal Chana",,,,,,,,,,,,,,
,TRUNCATED,"Chicken Khatri Biryani Box Small",,,,,,,,,,,,,,
,TRUNCATED,"Singaporean Box Large",,,,,,,,,,,,,,
,1037,"Singaporean Box Large",,,,,,,,,,,,,,
,171,"Daal Lauki Beef",,,,,,,,,,,,,,
,1046,"Mutton Khatri Biryani",,,,,,,,,,,,,,
,1047,"Biryani Chicken Malai Boti",,,,,,,,,,,,,,
,1048,"Beef Khatri Matka Biryani",,,,,,,,,,,,,,
,442,"Handi Fish",,,,,,,,,,,,,,
,447,"Green Masala Fish",,,,,,,,,,,,,,
,1049,"Hyderabadi Beef Pulao",,,,,,,,,,,,,,
,1050,"Hyderabadi Chicken Pulao",,,,,,,,,,,,,,
,314,"Karahi Fish",,,,,,,,,,,,,,
,446,"Masala Fish",,,,,,,,,,,,,,
,1051,"Beef Changezi Pulao",,,,,,,,,,,,,,
,1052,"Chicken Changezi Pulao",,,,,,,,,,,,,,
,154,"Qorma Fish",,,,,,,,,,,,,,
,87,"Beef Haleem",,,,,,,,,,,,,,
,126,"Hari Mirch Qeema Fish",,,,,,,,,,,,,,
,199,"Kachri Qeema Beef",,,,,,,,,,,,,,
,286,"Katakat Mutton",,,,,,,,,,,,,,
,88,Khichra,,,,,,,,,,,,,,
,194,"Aloo Gosht Mutton",,,,,,,,,,,,,,
,257,"Achar Gosht Mutton",,,,,,,,,,,,,,
,421,"Handi Mutton",,,,,,,,,,,,,,
,590,"Qeema Mutton",,,,,,,,,,,,,,
,578,"Karahi Qeema Mutton Live",,,,,,,,,,,,,,
,577,"Karahi Chicken White Live",,,,,,,,,,,,,,
,562,"Kofta Mutton",,,,,,,,,,,,,,
,198,"Tikka Karahi Chicken",,,,,,,,,,,,,,
,113,"Daal Gosht Mutton",,,,,,,,,,,,,,
,255,"Green Karahi Mutton",,,,,,,,,,,,,,
,119,"Green Masala Mutton",,,,,,,,,,,,,,
,299,"Khichra Mutton",,,,,,,,,,,,,,
,191,"Handi Mutton",,,,,,,,,,,,,,
,422,"Jalfrezi Mutton",,,,,,,,,,,,,,
,594,"Haleem Vegetable",,,,,,,,,,,,,,
,15,"Karahi Mutton",,,,,,,,,,,,,,
,517,"Karahi Mutton Live",,,,,,,,,,,,,,
,66,"Kunna Mutton",,,,,,,,,,,,,,
,282,"Makhni Mutton",,,,,,,,,,,,,,
,193,"Nihari Mutton",,,,,,,,,,,,,,
,120,"Paya Mutton",,,,,,,,,,,,,,
,225,"Paya Kunna Mutton",,,,,,,,,,,,,,
,245,"Palak Gosht Mutton",,,,,,,,,,,,,,
,190,"Qorma Mutton Badami",,,,,,,,,,,,,,
,18,"Stew Mutton",,,,,,,,,,,,,,
,258,"Tikka Karahi Mutton",,,,,,,,,,,,,,
,131,"White Karahi Mutton",,,,,,,,,,,,,,
,283,"White Qorma Mutton",,,,,,,,,,,,,,
,295,"Palak Kofta",,,,,,,,,,,,,,
,181,"Pasanday Beef",,,,,,,,,,,,,,
,219,"Handi Prawn",,,,,,,,,,,,,,
,413,"Vegetable Chillies Prawn",,,,,,,,,,,,,,
,414,"Ginger Prawn",,,,,,,,,,,,,,
,328,"Green Masala Prawn Live",,,,,,,,,,,,,,
,411,"Jalfrezi Prawn",,,,,,,,,,,,,,
,410,"Masala Prawn",,,,,,,,,,,,,,
,292,"Masala Handi Prawn",,,,,,,,,,,,,,
,TRUNCATED,"Qeema Beef Live",,,,,,,,,,,,,,
,TRUNCATED,"Qeema Chilli",,,,,,,,,,,,,,
,TRUNCATED,"Qeema Fry Beef",,,,,,,,,,,,,,
,TRUNCATED,"Qorma Chicken",,,,,,,,,,,,,,
,TRUNCATED,"Qorma Mutton",,,,,,,,,,,,,,
,TRUNCATED,"Sweet and Sour Chicken",,,,,,,,,,,,,,
,TRUNCATED,"Vegetable Chilli",,,,,,,,,,,,,,
,TRUNCATED,"Vegetable Mix",,,,,,,,,,,,,,
,TRUNCATED,"Karahi Qeema Beef Live",,,,,,,,,,,,,,
,TRUNCATED,"Tandoori Masala Chicken",,,,,,,,,,,,,,
,TRUNCATED,"Tikka Karahi Chicken Live",,,,,,,,,,,,,,
,TRUNCATED,"Karahi Qeema Beef",,,,,,,,,,,,,,
,TRUNCATED,"Tikka Karahi Beef",,,,,,,,,,,,,,
,TRUNCATED,"Palak Paneer",,,,,,,,,,,,,,
,TRUNCATED,"Malai Kofta Chicken",,,,,,,,,,,,,,
,TRUNCATED,"Malai Kofta Chicken Double",,,,,,,,,,,,,,
,TRUNCATED,"Karahi Chicken Makhni Live",,,,,,,,,,,,,,
,TRUNCATED,"Malai Kofta Chicken Single",,,,,,,,,,,,,,
,TRUNCATED,"Malai Kofta Chicken Gravy",,,,,,,,,,,,,,
,TRUNCATED,"Nihari Chicken Gravy",,,,,,,,,,,,,,
,TRUNCATED,"Palak Gosht Chicken",,,,,,,,,,,,,,
,TRUNCATED,"Anda Aloo Garibi",,,,,,,,,,,,,,
,TRUNCATED,"Bombay Daal",,,,,,,,,,,,,,
,TRUNCATED,"Murgh Chana",,,,,,,,,,,,,,
,TRUNCATED,"Chicken Lauki",,,,,,,,,,,,,,
,TRUNCATED,"Daal Chana Lauki",,,,,,,,,,,,,,
,TRUNCATED,"Paya Camel",,,,,,,,,,,,,,
,TRUNCATED,"Jangli Karahi",,,,,,,,,,,,,,
,TRUNCATED,"Brain Mutton",,,,,,,,,,,,,,
,TRUNCATED,"Brain Jamsi",,,,,,,,,,,,,,
,670,"Brain Jamsi",,,,,,,,,,,,,,
,684,"Brain Beef",,,,,,,,,,,,,,
,685,"Handi Chicken Live",,,,,,,,,,,,,,
,690,Nalli,,,,,,,,,,,,,,
,702,"Beef Qorma Badami",,,,,,,,,,,,,,
,706,"Chicken Karahi Koila",,,,,,,,,,,,,,
,710,"Shab Daig",,,,,,,,,,,,,,
,712,"Karahi White Mutton Live",,,,,,,,,,,,,,
,716,"Kaleji Masala",,,,,,,,,,,,,,
,722,"Karahi Chicken Kala Hara",,,,,,,,,,,,,,
,734,"Teriyaki Beef",,,,,,,,,,,,,,
,736,"Reshmi Paneer Handi Chicken",,,,,,,,,,,,,,
,748,"Karahi Beef Live",,,,,,,,,,,,,,
,749,"Lemon Karahi Chicken",,,,,,,,,,,,,,
,757,"Kaleji Karahi Live",,,,,,,,,,,,,,
,758,"Kadhi Pakora",,,,,,,,,,,,,,
,762,"Karahi Mutton Peshawari",,,,,,,,,,,,,,
,765,"Chicken Tawa",,,,,,,,,,,,,,
,772,"Daal Gosht Chicken",,,,,,,,,,,,,,
,776,"Beef Karahi Shinwari",,,,,,,,,,,,,,
,779,"Gurda Mutton",,,,,,,,,,,,,,
,780,"Dil Mutton",,,,,,,,,,,,,,
,781,"Prawns Karahi",,,,,,,,,,,,,,
,783,"Chicken Karahi Shinwari",,,,,,,,,,,,,,
,786,"Extra Curry",,,,,,,,,,,,,,
,798,"Qorma Paneer",,,,,,,,,,,,,,
,832,"Beef Koila Karahi Live",,,,,,,,,,,,,,
,842,"Chicken Szechuan",,,,,,,,,,,,,,
,848,Narothay,,,,,,,,,,,,,,
,864,"Chicken Chilli Dry",,,,,,,,,,,,,,
,865,"Fish Karahi Live",,,,,,,,,,,,,,
,867,"Katakat Beef",,,,,,,,,,,,,,
,868,"Daal Makhni",,,,,,,,,,,,,,
,870,"White Qeema Stew Khade Masala",,,,,,,,,,,,,,
,56,"Aloo Tarkari",,,,,,,,,,,,,,
,457,"Afghani Boti Chicken",,,,,,,,,,,,,,
,871,"Kurkuri Bhindi",,,,,,,,,,,,,,
,874,"Dahi Walay Baingan",,,,,,,,,,,,,,
,586,"Mutton Iskandaria",,,,,,,,,,,,,,
,261,"Bihari Roll Beef",,,,,,,,,,,,,,
,878,"Lasooni Palak Paneer Dhaba",,,,,,,,,,,,,,
,885,"Qeema Dhabe Wala",,,,,,,,,,,,,,
,294,"Bihari Boti Beef",,,,,,,,,,,,,,
,50,"Bihari Kabab Beef",,,,,,,,,,,,,,
,894,"Mughlai Chicken Boneless",,,,,,,,,,,,,,
,911,"Makhni Handi Special Boneless",,,,,,,,,,,,,,
,118,"Boti Beef",,,,,,,,,,,,,,
,332,"Shashlik Boti Beef",,,,,,,,,,,,,,
,912,"Tawa Qeema Beef",,,,,,,,,,,,,,
,920,"Mongolian Beef",,,,,,,,,,,,,,
,71,"Bihari Chicken Drum",,,,,,,,,,,,,,
,585,"Chicken Stick Kabab Grilled",,,,,,,,,,,,,,
,921,"Hyderabadi Apollo Fish Fry",,,,,,,,,,,,,,
,923,"Aloo Ki Katliyan",,,,,,,,,,,,,,
,584,"Chicken Chanp Grill",,,,,,,,,,,,,,
,495,"Chandan Kabab",,,,,,,,,,,,,,
,106,"Biryani Chaat Masala",,,,,,,,,,,,,,
,49,"Bihari Chicken Boti Boneless",,,,,,,,,,,,,,
,929,"Karachi Ke Fry Kabab",,,,,,,,,,,,,,
,930,"Fry Daal Mash Street Style",,,,,,,,,,,,,,
,203,"Garlic Chicken",,,,,,,,,,,,,,
,459,"Kasturi Kabab Chicken",,,,,,,,,,,,,,
,934,"Ghuta Kabab",,,,,,,,,,,,,,
,935,"Jaipur Qorma Yellow Mirch",,,,,,,,,,,,,,
,221,"Malai Boti Chicken",,,,,,,,,,,,,,
,460,"Malai Tikka Chicken",,,,,,,,,,,,,,
,936,"Palak Matar Ki Sabzi",,,,,,,,,,,,,,
,938,"Hyderabadi Khatti Daal",,,,,,,,,,,,,,
,133,"Reshmi Kabab Chicken",,,,,,,,,,,,,,
,122,"Shashlik Chicken",,,,,,,,,,,,,,
,940,"Chatkara Masala Mutton",,,,,,,,,,,,,,
,941,"Mutton Boti Masala",,,,,,,,,,,,,,
,942,"Goan Style Chilli Aloo",,,,,,,,,,,,,,
,99,"Salam Tandoori Chicken",,,,,,,,,,,,,,
,123,"Chicken Tikka Boti",,,,,,,,,,,,,,
,962,"Tawa Boti Kabab Beef",,,,,,,,,,,,,,
,963,"Mutton Tawa Bhuna Masala",,,,,,,,,,,,,,
,369,"Tikka Chicken in Pieces",,,,,,,,,,,,,,
,330,"Dhaga Kabab Beef",,,,,,,,,,,,,,
,964,"Achari Aloo",,,,,,,,,,,,,,
,965,"Lucknowi Style Hari Mirch Qeema",,,,,,,,,,,,,,
,966,"Chilli Garlic Tawa Chicken",,,,,,,,,,,,,,
,462,"Dhaga Kabab Chicken",,,,,,,,,,,,,,
,967,"Prawn Ghee Roast",,,,,,,,,,,,,,
,TRUNCATED,"Akkha Kali Masoor",,,,,,,,,,,,,,
,TRUNCATED,"Gola Kabab",,,,,,,,,,,,,,
,TRUNCATED,"Beetroot Vegetable",,,,,,,,,,,,,,
,TRUNCATED,"Smoked Tandoori Tawa Qeema",,,,,,,,,,,,,,
,TRUNCATED,"Rajasthani Tikka",,,,,,,,,,,,,,
,TRUNCATED,"Chanp Fried Mutton",,,,,,,,,,,,,,
,TRUNCATED,"Dragon Chicken Boneless",,,,,,,,,,,,,,
,TRUNCATED,"Sriracha Chicken Boneless",,,,,,,,,,,,,,
,TRUNCATED,"Sajji Mutton",,,,,,,,,,,,,,
,TRUNCATED,"Seekh Kabab Mutton",,,,,,,,,,,,,,
,TRUNCATED,"Chana Daal Masala Dhaba Style",,,,,,,,,,,,,,
,TRUNCATED,"Prawns Tawa Masala",,,,,,,,,,,,,,
,TRUNCATED,Tori,,,,,,,,,,,,,,
,TRUNCATED,"Mutton Masala",,,,,,,,,,,,,,
,TRUNCATED,Piyaaz,,,,,,,,,,,,,,
,TRUNCATED,"Hyderabadi Style Masaledar Beef",,,,,,,,,,,,,,
,TRUNCATED,"Masaledar Hari Mirch Aloo",,,,,,,,,,,,,,
,TRUNCATED,"Seekh Kabab",,,,,,,,,,,,,,
,TRUNCATED,"Shahi Tikka Chicken",,,,,,,,,,,,,,
,TRUNCATED,"Hara Bhara Brain Masala",,,,,,,,,,,,,,
,TRUNCATED,"Special Daal with Achari Mirch Tadka",,,,,,,,,,,,,,
,TRUNCATED,"Shashlik Stick Chicken",,,,,,,,,,,,,,
,TRUNCATED,"Bihari Chicken Tikka",,,,,,,,,,,,,,
,TRUNCATED,"World Famous Hyderabadi Qeema",,,,,,,,,,,,,,
,TRUNCATED,"Dum Ka Gosht Mutton",,,,,,,,,,,,,,
,TRUNCATED,"Hyderabadi Style Green Chicken Boneless",,,,,,,,,,,,,,
,TRUNCATED,"Masala Fish Fry Gravy",,,,,,,,,,,,,,
,1000,"Lahori Mutton",,,,,,,,,,,,,,
,1001,"Lauki Ke Kofte",,,,,,,,,,,,,,
,1003,"Handi Seekh Kabab",,,,,,,,,,,,,,
,1004,"Prawn Bhuna Masala",,,,,,,,,,,,,,
,1009,"Sweet and Sour Fish",,,,,,,,,,,,,,
,1011,"Mutton Rara Qeema Wala",,,,,,,,,,,,,,
,1012,"Kerala Thattukada Style Beef",,,,,,,,,,,,,,
,1013,"Kashmiri Chicken Masala",,,,,,,,,,,,,,
,1015,"Chicken Bhuna Masala",,,,,,,,,,,,,,
,1016,"Punjabi Style Beef Qeema",,,,,,,,,,,,,,
,1018,"Beef Tikka Masala",,,,,,,,,,,,,,
,1019,"Bhindi Dry Masala",,,,,,,,,,,,,,
,1020,"Achari Daal Lal Masoor",,,,,,,,,,,,,,
,1022,"Afghani Qeema Karahi",,,,,,,,,,,,,,
,1031,"Hot Garlic Chicken",,,,,,,,,,,,,,
,1032,"Namkeen Gosht Mutton",,,,,,,,,,,,,,
,1033,"Achari Aloo Tarkari",,,,,,,,,,,,,,
,1038,"Achari Chicken Curry",,,,,,,,,,,,,,
,862,"Chicken Chanp BBQ Golden",,,,,,,,,,,,,,
,58,"Fish Finger",,,,,,,,,,,,,,
,150,"Shashlik Vegetable",,,,,,,,,,,,,,
,415,Puri,,,,,,,,,,,,,,
,47,Paratha,,,,,,,,,,,,,,
,159,"Bohra Fried Batair",,,,,,,,,,,,,,
,607,"Seekh Kabab Camel",,,,,,,,,,,,,,
,638,"Chicken Boti Green Masala",,,,,,,,,,,,,,
,270,"Cutlets Beef",,,,,,,,,,,,,,
,28,"Shami Kabab Beef",,,,,,,,,,,,,,
,640,"Chanp Mutton BBQ",,,,,,,,,,,,,,
,641,"Lebanese Grill",,,,,,,,,,,,,,
,160,"Chicken Sajji",,,,,,,,,,,,,,
,516,"Bohra Fried Chicken",,,,,,,,,,,,,,
,647,"Fish Grill",,,,,,,,,,,,,,
,22,"Broast Chicken",,,,,,,,,,,,,,
,686,"Turkish Kabab",,,,,,,,,,,,,,
,494,"Chargha Chicken",,,,,,,,,,,,,,
,489,"Chicken Cheese Tempura",,,,,,,,,,,,,,
,687,"Navratan Kabab",,,,,,,,,,,,,,
,700,"Fish Seekh Kabab",,,,,,,,,,,,,,
,340,"Cordon Bleu Chicken",,,,,,,,,,,,,,
,714,"Kaleji Pota Chicken",,,,,,,,,,,,,,
,731,"Chicken Cheese Strips",,,,,,,,,,,,,,
,715,"Shahi Chatakh Tikka",,,,,,,,,,,,,,
,180,"Shami Kabab Chicken",,,,,,,,,,,,,,
,21,"Steam Chicken",,,,,,,,,,,,,,
,717,"Chicken Balochi Tikka",,,,,,,,,,,,,,
,719,"Shahi Chatakh Boti",,,,,,,,,,,,,,
,321,"Chicken Wings Fried",,,,,,,,,,,,,,
,338,"Dhaka Chicken",,,,,,,,,,,,,,
,750,"American Grill",,,,,,,,,,,,,,
,751,"Cheese Kabab Chicken",,,,,,,,,,,,,,
,249,"Biscuit Fish",,,,,,,,,,,,,,
,347,"Spring Roll Chicken Cheese Mini",,,,,,,,,,,,,,
,782,"Lebanese Kabab",,,,,,,,,,,,,,
,785,"Bihari Roll Chicken",,,,,,,,,,,,,,
,449,"Dhaka Desi Fish",,,,,,,,,,,,,,
,788,"Balochi Boti Boneless",,,,,,,,,,,,,,
,791,"Angara Kabab",,,,,,,,,,,,,,
,190,"Lahori Fish",,,,,,,,,,,,,,
,175,"Pomfret Fried Gold Lahori",,,,,,,,,,,,,,
,793,"Chicken Shinwari Tikka",,,,,,,,,,,,,,
,797,"Hunza Kabab",,,,,,,,,,,,,,
,728,"Fish Stuffed Cheese",,,,,,,,,,,,,,
,733,"Fish Cheese Stuffed",,,,,,,,,,,,,,
,804,"Mexican Tikka",,,,,,,,,,,,,,
,807,"Afghani Boti Beef",,,,,,,,,,,,,,
,450,"Fish Tempura",,,,,,,,,,,,,,
,315,"Bohra Fried Mutton",,,,,,,,,,,,,,
,809,"Dil Gurda BBQ Live Seekh",,,,,,,,,,,,,,
,811,"Moroccan Kabab",,,,,,,,,,,,,,
,297,"Chatpati Raan Mutton",,,,,,,,,,,,,,
,210,"Steam Mutton",,,,,,,,,,,,,,
,172,"Prawn Tempura",,,,,,,,,,,,,,
,756,"Chapli Kabab Fish",,,,,,,,,,,,,,
,732,"Chicken Wings Lahori",,,,,,,,,,,,,,
,431,"Sabut Bakra",,,,,,,,,,,,,,
,931,"Tawa Fish",,,,,,,,,,,,,,
,554,"Crispy Fish",,,,,,,,,,,,,,
,581,"Spicy Chargha Chicken",,,,,,,,,,,,,,
,604,"Foiled Steam Chicken",,,,,,,,,,,,,,
,608,"Steam Chicken Green Masala",,,,,,,,,,,,,,
,615,"Crispy Broast Chicken",,,,,,,,,,,,,,
,637,"Chicken Cutlets",,,,,,,,,,,,,,
,643,"Chicken Finger",,,,,,,,,,,,,,
,651,"Chicken Drumstick",,,,,,,,,,,,,,
,663,"Chicken Samosa",,,,,,,,,,,,,,
,671,"Chicken Strip Crispy",,,,,,,,,,,,,,
,675,"Fish Nuggets",,,,,,,,,,,,,,
,703,"Fish Biscuit Mushka",,,,,,,,,,,,,,
,718,"Prawns Chilli Dry",,,,,,,,,,,,,,
,720,"Fish and Chips",,,,,,,,,,,,,,
,974,"Mutton Roast",,,,,,,,,,,,,,
,828,"Foil Kabab Chicken",,,,,,,,,,,,,,
,902,"Gulf Cheese Kabab Grill",,,,,,,,,,,,,,
,959,"Chicken Stick",,,,,,,,,,,,,,
,814,"Chicken Balochi Tikka Fry",,,,,,,,,,,,,,
,1040,"Mongolian Strips",,,,,,,,,,,,,,
,1045,"Fish Sajji",,,,,,,,,,,,,,
,157,"Crispy Chicken Potato Cutlets",,,,,,,,,,,,,,
,306,"Vegetable Roll Chicken",,,,,,,,,,,,,,
,116,"Dahi Phulki",,,,,,,,,,,,,,
,176,"French Fries",,,,,,,,,,,,,,
,574,"Mint Roll",,,,,,,,,,,,,,
,138,"One Bite Samosa Beef",,,,,,,,,,,,,,
,536,"Mini Pizza",,,,,,,,,,,,,,
,202,"Samosa One Bite Chicken",,,,,,,,,,,,,,
,266,"Vegetable Cutlets",,,,,,,,,,,,,,
,263,"Wonton Samosa",,,,,,,,,,,,,,
,57,"Chana Tarkari",,,,,,,,,,,,,,
,224,"Paratha Rawa Maida Live",,,,,,,,,,,,,,
,101,"Kachori Tarkari",,,,,,,,,,,,,,
,537,"Masala Dosa Vegetable",,,,,,,,,,,,,,
,564,"Chicken Nuggets",,,,,,,,,,,,,,
,565,"Vegetable Samosa",,,,,,,,,,,,,,
,592,"Masala Dosa Chicken",,,,,,,,,,,,,,
,595,"Pasta Chicken",,,,,,,,,,,,,,
,660,"Palak Paneer Makai Roti",,,,,,,,,,,,,,
,681,"Food Street",,,,,,,,,,,,,,
,708,"Arabian Puff",,,,,,,,,,,,,,
,735,"Tempura Vegetable",,,,,,,,,,,,,,
,743,Lasagna,,,,,,,,,,,,,,
,744,"Arbi Paratha",,,,,,,,,,,,,,
,778,"Chicken Cheese Cone",,,,,,,,,,,,,,
,795,"Chicken Pocket",,,,,,,,,,,,,,
,821,"Cereal Station",,,,,,,,,,,,,,
,816,"Dumba Chakki",,,,,,,,,,,,,,
,817,"Cheese Kabab Beef",,,,,,,,,,,,,,
,838,"Potato Cheese Ball",,,,,,,,,,,,,,
,846,"Bread Roll",,,,,,,,,,,,,,
,851,"Shawarma Platter",,,,,,,,,,,,,,
,852,Hummus,,,,,,,,,,,,,,
,853,Baklava,,,,,,,,,,,,,,
,854,Falafel,,,,,,,,,,,,,,
,882,"Steamed Momos with Sauce",,,,,,,,,,,,,,
,895,"Box Patties",,,,,,,,,,,,,,
,896,"Bread Patties",,,,,,,,,,,,,,
,916,"Fettuccine Pasta",,,,,,,,,,,,,,
,917,"Pizza Flavours",,,,,,,,,,,,,,
,958,"Stir Fried Beef",,,,,,,,,,,,,,
,1017,"Chicken Thread",,,,,,,,,,,,,,
,969,"Sarson Ka Saag with Makai Roti",,,,,,,,,,,,,,
,1054,"Daal Bhara Paratha",,,,,,,,,,,,,,
,30,"Zarda Khoya Motia Gulab Jamun",,,,,,,,,,,,,,
,303,Amrati,,,,,,,,,,,,,,
,235,"Amrati Live",,,,,,,,,,,,,,
,278,"Apple Pie",,,,,,,,,,,,,,
,352,"Cherry Cream",,,,,,,,,,,,,,
,184,"Cheese Cake",,,,,,,,,,,,,,
,187,"Cream Cocktail",,,,,,,,,,,,,,
,39,"Cream Caramel",,,,,,,,,,,,,,
,350,"Dessert Bar",,,,,,,,,,,,,,
,324,"Doodh Dulari",,,,,,,,,,,,,,
,205,"Extra Mewajat",,,,,,,,,,,,,,
,34,Firni,,,,,,,,,,,,,,
,467,"Fruit Custard",,,,,,,,,,,,,,
,31,"Fruit Trifle",,,,,,,,,,,,,,
,37,"Halwa Gajar",,,,,,,,,,,,,,
,317,"Gajar Kheer",,,,,,,,,,,,,,
,36,Gajrela,,,,,,,,,,,,,,
,107,"Garam Gulab Jamun",,,,,,,,,,,,,,
,216,"Gulab Jamun Live",,,,,,,,,,,,,,
,29,"Gulati Zarda",,,,,,,,,,,,,,
,89,Gulati,,,,,,,,,,,,,,
,507,"Halwa Gajar Desi Ghee Special",,,,,,,,,,,,,,
,32,"Ice Trifle",,,,,,,,,,,,,,
,142,"Jalebi Stall",,,,,,,,,,,,,,
,33,Kheer,,,,,,,,,,,,,,
,503,"Kheer Qulfi",,,,,,,,,,,,,,
,240,"Kheer Sakoray",,,,,,,,,,,,,,
,41,"Khubani Ka Meetha",,,,,,,,,,,,,,
,127,Lab-e-Khas,,,,,,,,,,,,,,
,80,Lab-e-Shireen,,,,,,,,,,,,,,
,38,"Lauki Halwa Desi Ghee Special",,,,,,,,,,,,,,
,35,"Halwa Lauki",,,,,,,,,,,,,,
,269,"Lauki Kheer",,,,,,,,,,,,,,
,212,Malpua,,,,,,,,,,,,,,
,331,"Parsa Ice Cream",,,,,,,,,,,,,,
,83,"Pineapple Kheer",,,,,,,,,,,,,,
,44,"Pineapple Rasgulla",,,,,,,,,,,,,,
,43,"Qulfi Crunch Falooda",,,,,,,,,,,,,,
,238,"Qulfi Zafrani",,,,,,,,,,,,,,
,125,"Rabri Kheer",,,,,,,,,,,,,,
,45,"Rabri Pista",,,,,,,,,,,,,,
,464,"Rabri Plain",,,,,,,,,,,,,,
,510,Rasgulla,,,,,,,,,,,,,,
,466,Rasmalai,,,,,,,,,,,,,,
,217,"Shahi Tukray",,,,,,,,,,,,,,
,511,"Shakarkandi Kheer",,,,,,,,,,,,,,
,524,"Halwa Suji Desi Ghee",,,,,,,,,,,,,,
,TRUNCATED,"Zafrani Kheer",,,,,,,,,,,,,,
,TRUNCATED,"Zarda Sada Peela",,,,,,,,,,,,,,
,TRUNCATED,"Zarda Khoya Peela Gulab Jamun",,,,,,,,,,,,,,
,539,"Plain Cake",,,,,,,,,,,,,,
,532,"Stick Qulfi",,,,,,,,,,,,,,
,546,"Matka Qulfi",,,,,,,,,,,,,,
,549,"Zarda Special Cup",,,,,,,,,,,,,,
,552,"Halwa Chana",,,,,,,,,,,,,,
,559,"Chocolate Fountain",,,,,,,,,,,,,,
,560,Khoya,,,,,,,,,,,,,,
,86,"Halwa Suji",,,,,,,,,,,,,,
,614,"Cream Cocktail Half Pack",,,,,,,,,,,,,,
,621,"Cream Cocktail Full Pack",,,,,,,,,,,,,,
,628,"Kheer Cup",,,,,,,,,,,,,,
,639,"Kheer Indian",,,,,,,,,,,,,,
,666,"Egg Halwa Desi Ghee",,,,,,,,,,,,,,
,678,"Ice Cream Cheesecake",,,,,,,,,,,,,,
,680,"Kheer Diet",,,,,,,,,,,,,,
,682,"Cherry Crunch",,,,,,,,,,,,,,
,688,"Cherry Crunch",,,,,,,,,,,,,,
,691,"Egg Pudding",,,,,,,,,,,,,,
,696,"Ice Cream Sicilian",,,,,,,,,,,,,,
,697,"Ice Cream Roasted Almond",,,,,,,,,,,,,,
,698,"Ice Cream Gateau",,,,,,,,,,,,,,
,699,"Sheer Khurma",,,,,,,,,,,,,,
,745,"Ice Cream Live Counter",,,,,,,,,,,,,,
,754,"Pista Cocktail",,,,,,,,,,,,,,
,248,"Pista Qulfi Falooda",,,,,,,,,,,,,,
,763,"Halwa Makhana",,,,,,,,,,,,,,
,768,"Halwa Injeer",,,,,,,,,,,,,,
,777,"Mango Delight",,,,,,,,,,,,,,
,810,"Chocolate Eclairs",,,,,,,,,,,,,,
,812,"Cocktail Delight",,,,,,,,,,,,,,
,825,"Baked Alaska",,,,,,,,,,,,,,
,826,Jalebi,,,,,,,,,,,,,,
,827,"Suji Halwa Cup",,,,,,,,,,,,,,
,837,"Saffron Delight",,,,,,,,,,,,,,
,843,"Halwa Kaju Malai",,,,,,,,,,,,,,
,856,Kunafa,,,,,,,,,,,,,,
,860,"Creamy Biscoff",,,,,,,,,,,,,,
,881,"Peach Cream",,,,,,,,,,,,,,
,884,"Ice Cream Waffles Live",,,,,,,,,,,,,,
,889,"Injeer Delight",,,,,,,,,,,,,,
,892,"Pastries in Pieces",,,,,,,,,,,,,,
,906,"Caramel Crunch Ice Cream",,,,,,,,,,,,,,
,907,"Ice Cream Coffee",,,,,,,,,,,,,,
,913,"Halwa Akhrot",,,,,,,,,,,,,,
,918,"Lava Cake with Ice Cream",,,,,,,,,,,,,,
,919,"Sweet Tarts",,,,,,,,,,,,,,
,933,"Malai Halwa",,,,,,,,,,,,,,
,944,"Peach Cassata",,,,,,,,,,,,,,
,1027,Brownie,,,,,,,,,,,,,,
,316,"Agra Shahi",,,,,,,,,,,,,,
,337,"Aloo Paratha",,,,,,,,,,,,,,
,256,"Chocobar Live Counter",,,,,,,,,,,,,,
,455,"Besani Paratha",,,,,,,,,,,,,,
,211,"Besani Roti",,,,,,,,,,,,,,
,94,"M Bread",,,,,,,,,,,,,,
,456,Chapati,,,,,,,,,,,,,,
,69,"Disco Roti",,,,,,,,,,,,,,
,362,"Farmaishi Chapati",,,,,,,,,,,,,,
,53,"Naan Milky",,,,,,,,,,,,,,
,267,"Naan Plain",,,,,,,,,,,,,,
,222,"Naan Single",,,,,,,,,,,,,,
,372,"Paratha Pieces",,,,,,,,,,,,,,
,78,"Paratha Rawa Maida",,,,,,,,,,,,,,
,276,"Qeema Paratha",,,,,,,,,,,,,,
,137,Kulcha,,,,,,,,,,,,,,
,108,Kulcha,,,,,,,,,,,,,,
,52,Sheermal,,,,,,,,,,,,,,
,359,Sheermal,,,,,,,,,,,,,,
,51,Taftan,,,,,,,,,,,,,,
,368,Taftan,,,,,,,,,,,,,,
,140,"Tandoor Live",,,,,,,,,,,,,,
,529,"Chapati Special",,,,,,,,,,,,,,
,541,"M Bread",,,,,,,,,,,,,,
,580,"Farmaishi Chapati Live",,,,,,,,,,,,,,
,582,"Sheermal Live",,,,,,,,,,,,,,
,589,"Sheermal Live",,,,,,,,,,,,,,
,794,"Agra Shahi Special",,,,,,,,,,,,,,
,872,"Missi Roti Tawa",,,,,,,,,,,,,,
,986,"Naan Tandoor",,,,,,,,,,,,,,
,55,Raita,,,,,,,,,,,,,,
,634,"Dahi Konda",,,,,,,,,,,,,,
,888,"Raita Onion Fried",,,,,,,,,,,,,,
,905,"Burani Raita Tadka",,,,,,,,,,,,,,
,987,"Tandoori Mint Raita",,,,,,,,,,,,,,
,988,"Dahi Fry",,,,,,,,,,,,,,
,64,"Salad Bar Cold 12",,,,,,,,,,,,,,
,713,Achar,,,,,,,,,,,,,,
,54,"Salad Green",,,,,,,,,,,,,,
,360,"Salad Platter Green",,,,,,,,,,,,,,
,85,Kachumber,,,,,,,,,,,,,,
,92,"Mirchon Ka Salan",,,,,,,,,,,,,,
,132,"Noodles and Russian Salad",,,,,,,,,,,,,,
,374,"Piyaaz Chutney",,,,,,,,,,,,,,
,81,"Russian Salad Tray",,,,,,,,,,,,,,
,100,"Russian Salad Platter",,,,,,,,,,,,,,
,437,"Salad Bar Continental 16 Bowl",,,,,,,,,,,,,,
,438,"Salad Bar Continental 18 Bowls",,,,,,,,,,,,,,
,439,"Salad Bar Continental 24 Bowls",,,,,,,,,,,,,,
,436,"Salad Bar Continental 9 Bowl",,,,,,,,,,,,,,
,91,"Bagharey Baingan",,,,,,,,,,,,,,
,62,"Salad Bar Ship",,,,,,,,,,,,,,
,310,"Salad Bar Cold 9",,,,,,,,,,,,,,
,563,"Salad Tray Green",,,,,,,,,,,,,,
,753,"Salad Trolley",,,,,,,,,,,,,,
,820,Fruit,,,,,,,,,,,,,,
,839,"Salad BBQ",,,,,,,,,,,,,,
,857,"Chicken Pineapple Salad",,,,,,,,,,,,,,
,861,"Royal Salad Mix",,,,,,,,,,,,,,
,960,"Salad Plate",,,,,,,,,,,,,,
,75,"Chutney Aloo Bukhara",,,,,,,,,,,,,,
,168,Chutney,,,,,,,,,,,,,,
,166,"Chutney Green",,,,,,,,,,,,,,
,555,"Chilli Garlic Sauce",,,,,,,,,,,,,,
,556,"Tartar Sauce",,,,,,,,,,,,,,
,618,Mayonnaise,,,,,,,,,,,,,,
,880,"Chilli Sauce Chutney",,,,,,,,,,,,,,
,904,"Khajoor Imli Chutney",,,,,,,,,,,,,,
,989,"Khatti Meethi Gur Wali Mirchi",,,,,,,,,,,,,,
,70,"Espresso Coffee",,,,,,,,,,,,,,
,158,"Green Tea",,,,,,,,,,,,,,
,60,"Kashmiri Tea",,,,,,,,,,,,,,
,169,"Tea Plain",,,,,,,,,,,,,,
,298,"Tea Bag",,,,,,,,,,,,,,
,61,"Tea Milky",,,,,,,,,,,,,,
,242,"Zafrani Tea",,,,,,,,,,,,,,
,961,"Tea and Green Tea",,,,,,,,,,,,,,
,1008,"Tea and Green Tea VIP Stall",,,,,,,,,,,,,,
,117,"Pan Stall",,,,,,,,,,,,,,
,170,"Mineral Water Large",,,,,,,,,,,,,,
,97,"Cold Drink",,,,,,,,,,,,,,
,597,"Cold Drink 500ml",,,,,,,,,,,,,,
,603,"Cold Drink 1.5 Litre",,,,,,,,,,,,,,
,616,"Cold Drink Can 250ml",,,,,,,,,,,,,,
,661,"Water Dispenser",,,,,,,,,,,,,,
,662,"Mineral Water Can 19L",,,,,,,,,,,,,,
,707,"Mineral Water Small",,,,,,,,,,,,,,
,1010,"Packing Material Boxes",,,,,,,,,,,,,,
,233,"Aloo Chana Chaat",,,,,,,,,,,,,,
,152,"Dahi Baray",,,,,,,,,,,,,,
,280,Garma,,,,,,,,,,,,,,
,305,Grapes,,,,,,,,,,,,,,
,206,Ketchup,,,,,,,,,,,,,,
,185,Mangoes,,,,,,,,,,,,,,
,504,"Packing Small",,,,,,,,,,,,,,
,308,"Sarda Melon",,,,,,,,,,,,,,
,201,Decoration,,,,,,,,,,,,,,
,1030,"Tang Sharbat",,,,,,,,,,,,,,
,320,"Assorted Samosa",,,,,,,,,,,,,,
,319,"Assorted Sandwich",,,,,,,,,,,,,,
,376,Biscuit,,,,,,,,,,,,,,
,341,"Chicken Lollipop",,,,,,,,,,,,,,
,325,"Chicken Patties",,,,,,,,,,,,,,
,723,"Fish Cheese Ball",,,,,,,,,,,,,,
,729,"Prawns Butterfly",,,,,,,,,,,,,,
,213,"Chicken Sandwich",,,,,,,,,,,,,,
,730,"Chicken Roulade",,,,,,,,,,,,,,
,333,Lassi,,,,,,,,,,,,,,
,799,"Vegetable Roll One Bite",,,,,,,,,,,,,,
,800,"Samosa Vegetable One Bite",,,,,,,,,,,,,,
,538,"Single Bite Samosa Cheese",,,,,,,,,,,,,,
,622,Chips,,,,,,,,,,,,,,
,815,"Puri Single",,,,,,,,,,,,,,
,818,"Puri in Pieces",,,,,,,,,,,,,,
,689,"Marble Cake",,,,,,,,,,,,,,
,790,"Chicken Chow Mein",,,,,,,,,,,,,,
,833,"Steam Beef",,,,,,,,,,,,,,
,834,"Fish Biscuit Kachchi",,,,,,,,,,,,,,
,835,"Fish Mushka Finger Kachchi",,,,,,,,,,,,,,
,836,"Mutton Iskandaria",,,,,,,,,,,,,,
,841,"Fried Prawn Ball",,,,,,,,,,,,,,
,840,"Rajasthani Tikka",,,,,,,,,,,,,,
,869,"Prawn Koliwada Fry",,,,,,,,,,,,,,
,850,"Chicken Angara",,,,,,,,,,,,,,
,886,"Bhindi Masala Fry",,,,,,,,,,,,,,
,897,"Fried Chicken Lahori",,,,,,,,,,,,,,
,863,"BBQ Platter Large",,,,,,,,,,,,,,
,866,"Malai Boti Fish",,,,,,,,,,,,,,
,898,"Sweet Thai Chilli Prawn",,,,,,,,,,,,,,
,890,"Lebanese Tikka",,,,,,,,,,,,,,
,922,"Kachhe Qeeme Ke Kabab",,,,,,,,,,,,,,
,926,"Paratha Tawa",,,,,,,,,,,,,,
,891,"Adan Kabab",,,,,,,,,,,,,,
,899,"Paneer Tikka Grilled",,,,,,,,,,,,,,
,900,"Chicken Pahadi Kabab",,,,,,,,,,,,,,
,937,"Masala Chicken Fry Red Masala",,,,,,,,,,,,,,
,947,"Chicken Roulade",,,,,,,,,,,,,,
,901,"Summer Prawn",,,,,,,,,,,,,,
,903,"Balochi Fish Grilled",,,,,,,,,,,,,,
,909,"Angara Boti",,,,,,,,,,,,,,
,987,"Sukhe Aloo Desi Fries",,,,,,,,,,,,,,
,984,"Afghani Chicken Tikka",,,,,,,,,,,,,,
,993,"Tandoori Chicken",,,,,,,,,,,,,,
,1023,"Thread Chicken Cheese",,,,,,,,,,,,,,
,985,"Afghani Paneer Tikka",,,,,,,,,,,,,,
,1024,"Chicken Lemon Bites",,,,,,,,,,,,,,
,990,"Grilled Shrimp",,,,,,,,,,,,,,
,991,"Mutton Shashlik Boti",,,,,,,,,,,,,,
,1025,"Okra Fried",,,,,,,,,,,,,,
,992,"Afghani Lamb Kabab Dumba",,,,,,,,,,,,,,
,1026,"Chicken Gulnabi Boti",,,,,,,,,,,,,,
,1041,"Chicken Steak",,,,,,,,,,,,,,
,1044,"Chapli Kabab Chicken",,,,,,,,,,,,,,
,1039,"Lucknowi Galawati Boti Kabab",,,,,,,,,,,,,,
,1042,"Chicken Hara Masala",,,,,,,,,,,,,,
,1043,"Chelo Kabab",,,,,,,,,,,,,,
,1053,"Handi Kabab",,,,,,,,,,,,,,
,531,"Waiters and Waitresses",,,,,,,,,,,,,,
,553,"Decoration and Arrangement",,,,,,,,,,,,,,
,568,"Singaporean Rice Family Pack Large",,,,,,,,,,,,,,
,569,"Singaporean Rice Family Pack Small",,,,,,,,,,,,,,
,570,"Biryani Chicken Bucket Small",,,,,,,,,,,,,,
,571,"Cream Cocktail Cup",,,,,,,,,,,,,,
,572,"Cold Drink Jumbo",,,,,,,,,,,,,,
,573,"Delivery Charge",,,,,,,,,,,,,,
,576,"Cold Drink 300ml",,,,,,,,,,,,,,
,588,Mutton,,,,,,,,,,,,,,
,598,"Desi Ghee",,,,,,,,,,,,,,
,601,Salt,,,,,,,,,,,,,,
,619,"Zarda Colour",,,,,,,,,,,,,,
,635,Boneless,,,,,,,,,,,,,,
,636,Beef,,,,,,,,,,,,,,
,642,"VIP Waiters",,,,,,,,,,,,,,
,644,Ice,,,,,,,,,,,,,,
,648,"Oil Canister",,,,,,,,,,,,,,
,650,Milk,,,,,,,,,,,,,,
,652,Straws,,,,,,,,,,,,,,
,653,"Foil Paper",,,,,,,,,,,,,,
,654,"Disposable Spoon",,,,,,,,,,,,,,
,655,"Packing Material Family Pack Small",,,,,,,,,,,,,,
,656,"Packing Material Family Pack Large",,,,,,,,,,,,,,
,657,"Printed Shopper Bag",,,,,,,,,,,,,,
,658,"Tissue Paper",,,,,,,,,,,,,,
,667,"Biryani Bucket Small",,,,,,,,,,,,,,
,676,"Beef Boneless",,,,,,,,,,,,,,
,677,Chicken,,,,,,,,,,,,,,
,679,Banana,,,,,,,,,,,,,,
,692,"Kashif Food Daily Expenses",,,,,,,,,,,,,,"REJECT/REVIEW - probably not a sellable product"
,738,"Thermopore Cup",,,,,,,,,,,,,,
,746,"Safi and Duster",,,,,,,,,,,,,,
,747,"Cherry Crunch Cup",,,,,,,,,,,,,,
,755,Salt,,,,,,,,,,,,,,
,759,"SSGC Gas Charges and Garlic Fry",,,,,,,,,,,,,,"REJECT/REVIEW - probably not a sellable product"
,760,"Extra Sauce",,,,,,,,,,,,,,
,769,"Fare for Haleem",,,,,,,,,,,,,,"REJECT/REVIEW - probably not a sellable product"
,770,"Jam Jelly",,,,,,,,,,,,,,
,771,"Chicken Eclair",,,,,,,,,,,,,,
,773,Butter,,,,,,,,,,,,,,
,774,"Disposable Plate",,,,,,,,,,,,,,
,775,"Disposable Cup",,,,,,,,,,,,,,
,789,Fans,,,,,,,,,,,,,,
,801,"Head Cap Net",,,,,,,,,,,,,,
,802,"Face Mask",,,,,,,,,,,,,,
,803,Apron,,,,,,,,,,,,,,
,805,"Dil Beef",,,,,,,,,,,,,,
,806,"Gurda Beef",,,,,,,,,,,,,,
,819,"Desi Chicken",,,,,,,,,,,,,,
,830,"Disposable Fork",,,,,,,,,,,,,,
,847,"Pulao Wali Chutney",,,,,,,,,,,,,,
,771,"Tissue Paper Box",,,,,,,,,,,,,,
,875,"Besan Wali Mirch",,,,,,,,,,,,,,
,877,"Aloo Bhuna Dhaba Style",,,,,,,,,,,,,,
,910,"Coconut Water",,,,,,,,,,,,,,
,939,Hut,,,,,,,,,,,,,,
,945,"Thaal Steel or Plastic",,,,,,,,,,,,,,
,957,"Table 2.5 by 4",,,,,,,,,,,,,,
,972,"Decoration Dari and Chandni",,,,,,,,,,,,,,
,973,"Decoration Dastarkhwan",,,,,,,,,,,,,,
,1014,"Aloo Ka Bharta",,,,,,,,,,,,,,
