order_item_id,name,category_id,unit,order_rate,meat_rate,service_rate,qty_in_no,cat_allow,kitchen_id,kitchen_allow
1,"BIRYANI MASALA CHICKEN",2,KGS,1735,535,1200,0,Y,1,Y
2,"BIRYANI MASALA MUTTON",2,KGS,4100,2900,1200,0,Y,1,Y
4,"PULAOW CHICKEN",2,KGS,1735,535,1200,0,Y,1,Y
5,"YAKHNI PULAOW MUTTON",2,KGS,3850,2600,1250,0,Y,1,Y
7,"FRIED RICE CHICKEN",2,KGS,1300,0,1300,0,N,1,Y
8,"EGG FRIED RICE CHICKEN",2,KGS,1300,0,1300,0,N,1,Y
9,"FRIED RICE VEGETABLE",2,KGS,1300,0,1300,0,N,1,Y
11,"CHILLI CHICKEN",3,KGS,1575,775,800,0,Y,1,Y
12,"QORMA MUTTON",3,KGS,3800,2900,900,0,Y,1,Y
13,"QORMA CHICKEN",3,KGS,1435,535,900,0,Y,1,Y
14,"QORMA BEEF",3,KGS,2350,1450,900,0,Y,1,Y
15,"KARAHI MUTTON",3,KGS,3800,2900,900,0,Y,1,Y
16,"KARAHI CHICKEN",3,KGS,1435,535,900,0,Y,1,Y
17,"KARAHI BEEF",3,KGS,2350,1450,900,0,Y,1,Y
18,"STEW MUTTON",3,KGS,3500,2600,900,0,Y,1,Y
19,"STEW CHICKEN",3,KGS,1435,535,900,0,Y,1,Y
21,"STEAM CHICKEN",5,KGS,1185,535,650,0,Y,1,Y
22,"BROAST CHICKEN",5,KGS,1185,535,650,0,N,1,Y
25,"KOFTA BEEF",3,KGS,2350,1550,800,0,Y,1,Y
26,"NARGISI KOFTA BEEF",3,KGS,2450,1550,900,0,Y,1,Y
27,"QEEMA BEEF",3,KGS,2650,1750,900,0,Y,1,Y
28,"SHAMI KABAB BEEF",5,PCS,120,0,120,0,N,1,N
29,"GULATI ZARDA",7,KGS,2000,0,2000,0,N,1,Y
30,"ZARDA KHOYA MOTIA GULAB JAMAN",7,KGS,2200,0,2200,0,Y,1,N
31,"FRUIT TRIFFAL",7,KGS,1100,0,1100,0,N,1,Y
32,"ICE TRIFFAL",7,KGS,1000,0,1000,0,N,6,Y
33,KHEER,7,KGS,900,0,900,0,N,1,Y
34,FIRNI,7,KGS,350,0,350,0,N,1,Y
35,"LOKI KHEER",7,KGS,950,0,950,0,N,1,Y
36,GAJRELA,7,KGS,400,0,400,0,N,1,Y
37,"HALWA GAJAR",7,KGS,1100,0,1100,0,N,1,N
38,"HALWA LOKI",7,KGS,1100,0,1100,0,N,1,Y
39,"CREAM KAREMAL",7,KGS,1150,0,1150,0,N,1,Y
41,"KHUBANI KA MEETHA",7,KGS,600,0,600,0,N,1,Y
43,"RABRI PLAIN",7,KGS,1500,0,1500,0,N,22,Y
44,"RABRI PISTA",7,KGS,1100,0,1100,0,N,22,Y
45,"SHAHI TUKRAY",7,PCS,80,0,80,0,N,1,Y
47,PARATHA,4,KG,600,0,600,0,N,1,Y
49,"BIHARI CHICKEN BOTI BONELESS",4,KGS,1125,775,350,0,Y,3,Y
50,"BIHARI KABAB BEEF",4,KGS,2100,0,2100,0,Y,3,Y
51,"TAFTAN -",8,KGS,510,0,510,6,N,15,Y
52,"SHEERMAL -",8,KGS,510,0,510,6,N,15,Y
53,"NAN MILKY -",8,KGS,300,0,300,6,N,15,Y
54,"SALAD GREEN",10,PER,15,0,15,0,N,1,Y
55,RAITA,9,KG,550,0,550,0,N,1,Y
56,"AALOO TARKARI",4,PER,1100,0,1100,0,N,1,Y
57,"CHANA TARKARI",6,KGS,1400,0,1400,0,N,1,Y
58,"FISH FINGER",5,KGS,600,0,600,0,Y,1,Y
60,"KASHMERI TEA",12,P/H,100,0,100,0,N,1,Y
61,"TEA MILKY",12,P/H,100,0,100,0,N,1,Y
62,"SALAD BAR (SHIP)",10,,4000,0,4000,0,N,17,Y
64,"SALAD BAR COLD -12",10,,6000,0,6000,0,N,17,Y
66,"KUNNA MUTTON",3,KGS,3900,2900,1000,0,Y,2,Y
67,"PAAYA BEEF",3,KG,1000,0,1000,0,N,1,Y
69,"FARMAISHI CHAPATI",8,PCS,30,0,30,0,N,15,Y
70,"ESPRESSO COFFEE",12,PERSON,100,0,100,0,N,1,Y
71,"BIHARI CHICKEN DRUM",4,KGS,915,465,450,0,Y,3,Y
72,"CHICKEN CORN SOUP",1,P/H,90,0,90,0,N,1,N
75,"CHATNI AALOO BUKHARA",11,PER,15,0,15,0,N,1,Y
76,"HANDI CHICKEN BONELESS SPECIAL",3,PCS,1955,805,1150,0,Y,1,Y
77,"KARAHI WHITE CHICKEN",3,KGS,1685,535,1150,0,Y,1,Y
78,"PARATHA RAWA MEDA",8,KG,600,0,600,5,N,15,Y
79,"BIRYANI MASALA AALOO CHANA",2,KGS,1350,0,1350,0,N,1,Y
80,LAB-E-SHEREEN,7,KGS,1100,0,1100,0,N,1,Y
81,"RUSSIAN SALAD TRAY",10,PER,600,0,600,0,N,1,N
82,"SEEKH KABAB",4,KGS,1850,1350,500,0,Y,3,Y
83,"RABRI KHEER",7,KG,1100,0,1100,0,N,1,Y
84,"HOT & SOUR SOUP",1,P/H,100,0,100,0,N,1,N
85,KACHOOMER,10,KG,700,0,700,0,N,1,N
86,"HALWA SUJI",7,KGS,800,0,800,0,N,1,Y
87,"BEEF HALEEM",3,KG,800,0,800,0,N,9,Y
88,KHICHRA,3,KGS,1250,850,400,0,Y,9,Y
89,GULLATI,7,KGS,1200,0,1200,0,N,1,N
91,"BHAGARE BAGUN",10,PER,6,0,6,0,N,1,N
92,"MIRCHON KA SALAN",10,PER,3,0,3,0,N,1,Y
94,CHPATI,8,NOS,7,0,7,0,N,15,N
96,"ZEERA PULAOW",2,KGS,1250,0,1250,0,N,1,Y
97,"COLD DRINK",14,CRATE,1500,0,1500,0,N,20,N
99,"SALAM TANDOORI CHICKEN",4,PCS,1535,535,1000,0,Y,10,Y
100,"RUSSIAN SALAD PLATER",10,,1800,0,1800,0,N,17,Y
101,"KACHORI TARKARI",6,PER,75,0,75,0,N,1,N
102,"PEAS PULAOW",2,KGS,1300,0,1300,0,N,1,N
106,"BIRYANI CHAT MASALAH",17,KGS,1300,0,1300,0,N,34,N
107,"GARAM GULAB JAMAN",7,KGS,1200,0,1200,0,N,1,N
108,QULCHA,8,PCS,85,0,85,0,N,15,Y
111,"ACHAR GOSHT CHICKEN",3,KGS,1725,825,900,0,Y,1,Y
112,"DAAL GOSHT BEEF",3,KGS,2150,1450,700,0,Y,1,Y
113,"DAAL GOSHT MUTTON",3,KGS,3400,2600,800,0,Y,1,Y
115,"ICE CREAM MANGO",7,LTR,1300,0,1300,0,N,7,Y
116,"DAHI PHULKI",6,KGS,850,0,850,0,N,1,N
117,"PAN STALL",13,PCS,35,0,35,0,N,19,N
118,"BOTI BEEF",4,KGS,2100,0,2100,0,Y,3,Y
119,"GREEN MASALA MUTTON",3,KGS,3500,2600,900,0,Y,1,Y
120,"PAAYA MUTTON",3,KGS,800,0,800,0,Y,1,Y
121,"JALFREZI CHICKEN",3,KGS,1035,535,500,0,Y,1,Y
122,"SHASHLIK CHICKEN",4,KGS,1825,775,1050,0,Y,3,Y
123,"CHICKEN TIKKA BOTI",4,KGS,985,535,450,0,Y,3,Y
124,"GINGER CHICKEN",3,KGS,1435,535,900,0,Y,1,Y
125,"RAS MALAI",7,PCS,0,0,0,0,N,16,Y
126,"HARI MIRCH QEEMA FISH",3,KGS,900,0,900,0,Y,1,Y
127,LAB-E-KHAS,7,KGS,1100,0,1100,0,N,1,Y
128,"QORMA WHITE CHICKEN",3,KGS,1585,535,1050,0,Y,1,Y
130,"SINGAPORIAN RICE",2,KGS,6000,0,6000,0,N,1,Y
131,"WHITE KARAHI MUTTON",3,KGS,4050,2900,1150,0,Y,1,Y
132,"NOODLS + RUSIAN SALAD",10,PER,1200,0,1200,0,N,17,Y
133,"RESHMI KABAB CHICKEN",4,KGS,1275,775,500,0,Y,3,Y
134,"QULFI CRUNCH FALOODA",7,PCS,90,0,90,0,N,7,Y
136,"BIRYANI MASALA AALOO",2,KGS,1300,0,1300,0,N,1,Y
137,"QULCHA -",8,KG,510,0,510,0,N,15,Y
138,"ONE BYTE SAMOSA BEEF",6,PCS,60,0,60,0,N,5,N
139,"WELCOME DRINK",1,NOS,100,0,100,0,N,1,N
140,"TANDOOR (LIVE)",8,NO.,8500,0,8500,0,N,17,N
141,"CHAPLI KABAB BEEF",5,KGS,1800,0,1800,0,Y,4,Y
142,"JALEBI STALL",7,NOS,13000,0,13000,0,N,12,N
143,"SAMOSA QEEMA BEEF",1,PCS,60,0,60,0,N,5,N
144,"SAMOSA AALOO",6,PCS,50,0,50,0,N,5,N
145,"PAKORA MIX",15,KGS,800,0,800,0,N,5,N
148,"NIHARI BEEF",3,KGS,2750,1750,1000,0,Y,1,Y
150,"SHASHLIK VEGETABLE",4,KGS,400,0,400,0,N,1,N
151,"ROOH AFZA",15,PER,80,0,80,0,N,1,Y
152,"DAHI BARAY",15,KGS,300,0,300,0,N,5,N
153,"FRIED FISH LAHORI",5,KGS,600,0,600,0,Y,1,Y
154,"QORMA FISH",3,KGS,900,0,900,0,Y,1,Y
155,"BIRYANI VEGETABLE",2,KGS,1250,0,1250,0,N,1,Y
156,"PALAK PANIR BEEF",3,KGS,2050,1450,600,0,N,1,Y
157,"CRISPY CHICKEN POTATO CUTLETS",6,PCS,50,0,50,0,N,5,N
158,"GREEN TEA",12,CUP,100,0,100,0,N,1,N
159,"BOHRA FRIED BATAIR",5,NOS,600,0,600,0,Y,1,N
160,"CHICKEN SAJJI",4,KGS,835,535,300,0,Y,23,Y
161,"SEEKH KABAB MUTTON",4,KGS,500,0,500,0,Y,3,Y
162,"ACHAAR GOSHT BEEF",3,KGS,2250,1450,800,0,N,1,Y
163,"AALOO GOSHT BEEF",3,KGS,2450,1450,1000,0,Y,1,Y
164,"PULAOW MASOOR",2,KGS,1300,0,1300,0,N,1,Y
165,PIYAAZ,10,,0,0,0,0,N,1,N
166,"CHATNI GREEN",11,PER,0,0,0,0,N,1,N
168,CHATNI,11,KGS,0,0,0,0,N,1,N
169,"TEA (PLAIN)",12,CUP,25,0,25,0,N,1,N
170,"MINERAL WATER LARGE",14,PCS,140,0,140,0,N,20,N
171,"DAAL LOCKY BEEF",3,KGS,2050,1450,600,0,Y,1,Y
172,"PRAWN TEMPURA",5,KGS,650,0,650,0,Y,1,Y
175,"PAMPLATE FRIED GOLD LAHORI",5,KGS,600,0,600,0,Y,1,Y
176,"FRENCH FRIES",6,P/H,90,0,90,0,N,1,N
177,"BIRYANI SADI MUTTON",2,KG,3800,2600,1200,0,Y,1,Y
179,"FRIED RICE",2,KGS,1300,0,1300,0,N,1,N
180,"SHAMI KABAB CHICKEN",5,PCS,100,0,100,0,Y,5,Y
181,"PASANDEY BEEF",3,KGS,2450,1750,700,0,Y,1,Y
182,"BIRYANI SADI MUTTON ZAFRAN",2,KGS,4150,2900,1250,0,Y,1,Y
184,"CHEESE CAKE",7,KGS,700,0,700,0,Y,6,Y
185,MANGOES,15,KGS,50,0,50,0,N,1,N
186,"MANCHORIAN CHICKEN",2,KGS,1825,775,1050,0,Y,1,Y
187,"CREAM COCKTAIL",7,KGS,1200,0,1200,0,N,1,Y
189,"CHAWMIN CHICKEN",3,P/H,80,0,80,0,Y,2,Y
190,"LAHORI FISH",5,KGS,600,0,600,0,Y,1,Y
191,"HANDI MUTTON",3,KGS,3900,2900,1000,0,Y,1,Y
192,"AALOO QEEMA BEEF",3,KGS,2750,1750,1000,0,Y,1,Y
193,"NIHARI MUTTON",3,KGS,3600,2600,1000,0,Y,1,Y
194,"AALOO GOSHT MUTTON",3,KGS,3900,2900,1000,0,Y,1,Y
195,"SHAHI TIKKA CHICKEN",4,KGS,1225,775,450,0,Y,3,Y
196,"QORMA MUTTON BADAMI",3,KGS,3900,2900,1000,0,Y,1,Y
197,"QORMA BADAMI CHICKEN",3,KGS,1535,535,1000,0,Y,1,Y
198,"TIKKA KARAHI CHICKEN",3,KGS,1535,535,1000,0,Y,1,Y
199,"KACHRI QEEMA BEEF",3,KGS,2450,1550,900,0,Y,1,Y
201,DECORATION,15,NOS,0,0,0,0,N,1,N
202,"SAMOSA ONE BITE CHICKEN",6,NOS,30,0,30,0,N,5,Y
203,"GARLIC CHICKEN",4,KGS,835,535,300,0,Y,3,Y
205,"EXTRA MEWAJAT",7,KGS,150,0,150,0,N,1,N
206,KETCHUP,15,PCS,65,0,65,0,N,1,N
209,"FRUIT CHAT",15,PER,0,0,0,0,N,1,N
210,"STEAM MUTTON",5,KGS,3300,2600,700,0,Y,1,Y
211,"M BREAD",8,PCS,45,0,45,0,N,15,Y
212,"PINEAPPLE KHEER",7,KGS,1000,0,1000,0,N,1,N
213,"CHICKEN SANDWICH",16,PCS,100,0,100,0,N,21,Y
214,"SAJJI MUTTON",4,KGS,3100,2600,500,0,Y,23,Y
216,"GULAB JAMAN (LIVE)",7,KGS,1300,0,1300,0,N,12,Y
217,"ZARDA SADA PELA",7,KGS,1200,0,1200,0,N,1,Y
219,"HANDI PRAWN",3,KGS,1000,0,1000,0,Y,1,Y
221,"MALAI BOTI CHICKEN",4,KGS,1325,775,550,0,Y,3,Y
222,"NAN SINGLE",8,NOS,30,0,30,0,N,15,Y
224,"PARATHA RAWA MEDA (LIVE)",6,KGS,650,0,650,6,N,1,Y
225,"PAAYA KUNNA MUTTON",3,KGS,3900,2900,1000,0,Y,2,Y
227,"WHITE KARAHI BEEF",3,KGS,2600,1450,1150,0,N,1,Y
228,"GREEN KARAHI CHICKEN",3,KGS,1685,535,1150,0,Y,1,Y
231,"RAJHISTANI TIKKA",4,KGS,1290,740,550,0,Y,3,Y
233,"AALOO CHANA CHAT",15,PLATE,150,0,150,0,Y,24,N
234,"AALOO GOSHT CHICKEN",3,KGS,1535,535,1000,0,Y,1,Y
235,"AMRATI LIVE",7,KGS,0,0,0,0,Y,12,Y
236,"VEGETABLE RICE CHICKEN",2,KGS,1300,0,1300,0,N,1,N
237,"VEGETABLE CHILLI",3,KGS,400,0,400,0,N,1,N
238,"RAS GULLA",7,PCS,0,0,0,0,N,16,N
240,"KHEER SAKOREE",7,PCS,90,0,90,0,N,1,N
241,"QEEMA CHILLI",3,KGS,2000,1100,900,0,Y,1,N
242,"ZAFRANI TEA",12,CUPS,80,0,80,0,N,1,N
244,"SWEET & SOUR CHICKEN",3,KGS,1275,775,500,0,Y,1,Y
245,"PALAK GOSHT MUTTON",3,KGS,3400,2600,800,0,Y,1,Y
246,"KUNNA BEEF",3,KGS,2450,1450,1000,0,Y,2,Y
247,"BIRYANI MASALA QEEMA",2,KGS,1945,745,1200,0,Y,1,Y
248,"PISTA QULFI FALOODA",7,PCS,95,0,95,0,N,1,N
249,"BISCUIT FISH",5,KGS,600,0,600,0,N,1,N
250,"KARAHI CHICKEN BONELESS",3,KGS,1675,775,900,0,Y,1,Y
252,"PULAOW CHANA",2,KGS,1300,0,1300,0,N,1,Y
255,"GREEN KARAHI MUTTON",3,KGS,3750,2600,1150,0,Y,1,Y
256,"BAISANI PARATHA",8,PCS,130,0,130,0,N,15,N
257,"ACHAR GOSHT MUTTON",3,KGS,3900,2900,1000,0,Y,1,Y
258,"TIKKA KARAHI MUTTON",3,KGS,3900,2900,1000,0,Y,1,Y
259,"HALEEM CHICKEN",3,KGS,550,0,550,0,N,9,Y
260,"BIRYANI MASALA CHANA",2,KGS,1300,0,1300,0,N,1,Y
261,"BIHARI ROLL BEEF 111",4,PCS,0,0,0,0,N,3,Y
262,"SHASHLIK BEEF",3,KGS,2350,1750,600,0,Y,1,Y
263,"WONG TONG (SAMOSA)",6,PCS,32,0,32,0,N,5,Y
265,"PULAOW VEGETABLE",2,KGS,1300,0,1300,0,N,1,Y
266,"VEGETABLE CUTLUS",6,PCS,25,0,25,0,N,5,N
267,"NAN PLAIN",8,KGS,120,0,120,6,N,17,Y
269,"PARSA ICE CREAM",7,PCS,0,0,0,0,N,7,N
270,"CUTLUS BEEF",5,PCS,130,0,130,0,N,5,Y
271,"CHANA TARKARI",6,KGS,1400,0,1400,0,N,1,Y
274,"GINGER MUTTON",3,KGS,3400,2600,800,0,Y,1,Y
275,"PULAOW AFGHAN MUTTON",2,KGS,3950,2600,1350,0,Y,1,Y
276,"QEEMA PARATHA",8,PCS,60,0,60,0,N,15,N
278,"APPLE PIE",7,NOS,0,0,0,0,N,6,N
279,"JUICE BAR",1,LTR,0,0,0,0,N,1,N
280,GARMA,15,KGS,40,0,40,0,N,1,N
281,"MAAZA JUICE",1,P/H,35,0,35,0,N,1,N
282,"MUKHNI MUTTON",3,KGS,3400,2600,800,0,Y,1,Y
283,"WHITE QORMA MUTTON",3,KGS,4000,2900,1100,0,Y,1,Y
285,"STEW BEEF",3,KGS,2250,1350,900,0,Y,1,Y
286,"KATAKAT MUTTON",3,KGS,900,0,900,0,Y,1,Y
287,"CHICKEN BUTTER",3,KGS,2005,1005,1000,0,Y,1,Y
288,RICE,2,KGS,370,0,370,0,N,1,N
289,"PALAK GOSHT BEEF",3,KGS,1950,1350,600,0,Y,1,Y
290,"CHICKEN YAKHNI SOUP",1,P/H,35,0,35,0,Y,8,Y
292,"MASALA HANDI PRAWN",3,KGS,1000,0,1000,0,Y,1,Y
293,"TIKKA KARAHI BEEF",3,KGS,2450,1450,1000,0,Y,1,Y
294,"BIHARI BOTI BEEF",4,KGS,2100,0,2100,0,Y,3,Y
295,"PALAK KOFTA",3,KGS,850,0,850,0,Y,1,N
296,"CHICKEN MUSHROOM SOUP",1,P/H,70,0,70,0,N,1,Y
297,"CHAT PATI RAAN MUTTON",5,KGS,3400,2800,600,0,Y,1,Y
298,"TEA BAG",12,CUP,25,0,25,0,N,1,N
299,"KHICHRA MUTTON",3,KGS,0,0,0,0,Y,9,Y
300,"CHOLEY CHICKEN",3,KGS,935,535,400,0,Y,1,Y
301,"QEEMA FRY BEEF",3,KGS,2550,1750,800,0,Y,1,Y
302,"WHITE QORMA BEEF",3,KGS,2550,1450,1100,0,Y,1,Y
303,AMARTI,7,PCS,16000,0,16000,0,N,12,N
304,"PULAOW KOFTA CHICKEN",2,KGS,1925,775,1150,0,Y,1,Y
305,GRAPES,15,KGS,0,0,0,0,N,1,N
306,"VEGETABLE ROLL CHICKEN",6,PCS,60,0,60,0,N,5,Y
307,"LEMON SQUASH",1,P/H,25,0,25,0,N,1,N
308,SARDA,15,KGS,0,0,0,0,N,1,N
309,"KARAHI GREEN BEEF",3,KGS,2600,1450,1150,0,Y,1,Y
310,"SALAD BAR COLD - 9",10,,5000,0,5000,0,N,17,Y
311,"COLE SLAW",10,NOS,20,0,20,0,N,1,N
312,"PULAOW AALOO CHANA",2,KGS,1350,0,1350,0,N,1,Y
314,"KARAHI FISH",3,KGS,900,0,900,0,Y,1,Y
315,"BOHRA FRIED MUTTON",5,KGS,3250,2600,650,0,Y,1,Y
316,"AGRA SHAHI",8,KGS,510,0,510,6,N,15,N
317,"GAJAR KHEER",7,KGS,850,0,850,0,N,1,Y
318,"BIRYANI MASALA FISH",2,KGS,1200,0,1200,0,Y,1,Y
319,"ASSORTED SANDWICH",16,PCS,100,0,100,0,N,21,N
320,"ASSORTED SAMOSA",16,PCS,60,0,60,0,N,5,N
321,"WINGS CHICKEN FRIED",5,KGS,1135,535,600,0,Y,1,Y
322,"BIRYANI MALKA MASOOR",2,KGS,1300,0,1300,0,N,1,N
323,"BRAIN MASALAH",3,P/H,0,0,0,0,Y,1,Y
324,"DOODH DULARI",7,KGS,1300,0,1300,0,N,1,Y
325,"CHICKEN PATTIES",16,NOS.,30,0,30,0,N,21,Y
326,"DAAL CHANA",3,KGS,450,0,450,0,N,1,N
328,"GREEN MASALA PRAWN LIVE",3,KGS,950,0,950,0,Y,1,Y
330,"DHAGA KABAB BEEF",4,KGS,2000,0,2000,0,Y,3,Y
331,"QULFI ZAFRANI",7,NOS,105,0,105,0,N,7,Y
332,"SHASHLIK BOTI BEEF",4,KGS,2150,1550,600,0,Y,3,Y
333,LASSI,16,NOS,60,0,60,0,N,18,N
334,"GOLA GANDA",1,P/H,40,0,40,0,N,24,N
335,"CHANA CHAT",6,P/H,150,0,150,0,N,24,Y
336,"BUN KABAB",16,NOS.,90,0,90,0,N,5,Y
337,"ALOO PARATHA",8,NOS,0,0,0,0,N,15,N
338,"DHAKA CHICKEN",5,KGS,1375,775,600,0,Y,11,Y
339,PANIPURI,6,NOS,120,0,120,0,N,24,Y
340,"CORDON BLUE CHICKEN",5,KGS,1375,775,600,0,N,11,Y
341,"CHICKEN LOLY POP",5,KGS,1305,705,600,0,Y,11,Y
342,"KARAHI GREEN CHICKEN",3,KGS,1685,535,1150,0,Y,1,Y
343,"CHANP FRIED MUTTON",5,KGS,3250,2600,650,0,Y,1,Y
346,"PINEAPPLE RUSGULLA",7,NOS,0,0,0,0,N,16,N
347,"SPRING ROLL CH CHESS,MINI",5,PH,35,0,35,0,Y,5,Y
349,"PALAK PANEER CHICKEN",3,KGS,935,535,400,0,Y,1,Y
350,"DESSERT BAR",7,P/H,90,0,90,0,N,6,Y
351,"MAAL PURA",7,,0,0,0,0,N,13,N
352,"CHEERY CREAM",7,KGS,1300,0,1300,0,Y,1,Y
356,"PULAOW FISH",2,KGS,1100,0,1100,0,Y,1,Y
359,SHEERMAL,8,PCS,85,0,85,0,N,15,N
360,"SALAD PLATER GREEN",10,,1500,0,1500,0,N,1,Y
361,"BIRYANI MASALA BEEF",2,KGS,2650,1450,1200,0,Y,1,Y
362,"NAN MILKY",8,PCS,50,0,50,0,N,15,Y
368,TAFTAN,8,NOS,85,0,85,0,N,15,Y
369,"TIKKA CHICKEN IN PCS",4,PCS,0,0,0,0,Y,3,Y
372,"PARATHA (PCS)",5,PCS,0,0,0,0,N,1,N
374,"PIYYAZ CHATNI",10,,0,0,0,0,Y,1,Y
375,"BIRYANI MASALA BEEF BONELESS",2,KGS,2950,1750,1200,0,Y,1,Y
376,BISCUIT,16,KGS,1050,0,1050,0,N,21,Y
379,"HANDI BEEF BONELESS",3,KGS,2650,1750,900,0,Y,1,Y
382,"ACHAR HANDI BEEF",3,KGS,2350,1450,900,0,Y,1,Y
386,"SHIMLA MIRCH QEEMA BEEF",3,KGS,2450,1550,900,0,Y,1,Y
387,"PASINDAY BEEF",3,KGS,2450,1750,700,0,Y,1,Y
389,"VEGETABLE CHOWMING",3,P/H,60,0,60,0,N,1,Y
391,"CHILLIES VEGETABLE CHICKEN",3,KGS,1175,775,400,0,Y,1,Y
397,"NARGASI KOFTAY CHICKEN",3,KGS,1675,775,900,0,Y,1,Y
398,"KOFTA CHICKEN",3,KGS,1575,775,800,0,Y,1,Y
399,"AALOO QORMA CHICKEN",3,KGS,1485,535,950,0,Y,1,Y
400,"BALTI GOSHT CHICKEN",3,KGS,1435,535,900,0,Y,1,Y
401,"STEW QEEMA CHICKEN",3,KGS,1675,775,900,0,Y,1,Y
405,"NIHARI CHICKEN",3,KGS,1535,535,1000,0,N,1,Y
410,"MASALA PRAWN",3,KGS,500,0,500,0,Y,1,Y
411,"JALFREZI PRAWN",3,KGS,500,0,500,0,Y,1,Y
413,"VEGETABLE CHILLIES PRAWN",3,KGS,400,0,400,0,Y,1,Y
414,"GINGER PRAWN",3,KGS,400,0,400,0,Y,1,Y
415,PURI,4,KGS,650,0,650,0,N,1,Y
421,"HANDI MUTTON",3,KGS,3900,2900,1000,0,Y,1,Y
422,"JALFAREZI MUTTON",3,KGS,3400,2600,800,0,Y,1,Y
429,"BALTI GOSHT MUTTON",3,KGS,3400,2600,800,0,Y,1,Y
431,"SALAM BAKRA",5,NOS,3600,2400,1200,0,Y,10,Y
433,"FRESH LIME",1,NOS,25,0,25,0,N,1,N
436,"SALAD BAR CONTINATAL 9 BOWL",10,,4500,0,4500,0,N,17,N
437,"SALAD BAR CONTINATAL 16 BOWL",10,,13000,0,13000,0,N,17,Y
438,"SALAD BAR CONTINATAL 18 BOWLS",10,,14000,0,14000,0,N,17,Y
439,"SALAD BAR CONTINATAL 24 BOWLS",10,,18000,0,18000,0,N,17,Y
442,"HANDI FISH",3,KGS,1150,0,1150,0,Y,1,Y
446,"MASALA FISH",3,KGS,700,0,700,0,Y,1,Y
447,"GREN MASALA FISH",3,KGS,900,0,900,0,Y,1,Y
449,"DHAKA DESI FISH",5,KGS,600,0,600,0,Y,11,Y
450,"FISH TEMPURA",5,KGS,650,0,650,0,Y,1,Y
452,"CHICKEN THAI SOUP",1,P/H,70,0,70,0,N,1,Y
453,"CHICKEN VEG. SOUP",1,P/H,50,0,50,0,N,1,Y
455,"BASNI ROTI",8,PCS,80,0,80,0,N,15,Y
456,"DISCO ROTI",8,PCS,20,0,20,0,N,15,Y
457,"AFGHANI BOTI CHICKEN",4,KGS,985,535,450,0,Y,3,Y
459,"KASTURI KABAB CHICKEN",4,KGS,1225,775,450,0,Y,3,Y
460,"MALAI TIKKA CHICKEN",4,KGS,985,535,450,0,Y,3,Y
461,"BIRYANI TIKKA CHICKEN",2,KGS,1785,535,1250,0,Y,1,Y
462,"DHAGA KABAB CHICKEN",4,KGS,1700,0,1700,0,Y,3,Y
464,"SHAKAR KANDI KHEER",7,KGS,1000,0,1000,0,N,1,Y
466,"ZAFRANI KHEER",7,KGS,1100,0,1100,0,N,1,Y
467,"FRUIT CUSTARD",7,KGS,800,0,800,0,N,1,Y
469,"FRIED RICE BEEF",2,KGS,3050,1750,1300,0,Y,1,Y
472,"FRIED RICE MUTTON",2,KGS,1300,0,1300,0,Y,1,Y
474,"FRIED RICE PRAWN",2,KGS,1300,0,1300,0,Y,1,Y
475,"BIRYANI MASALA PRAWN",2,KGS,1200,0,1200,0,Y,1,Y
476,"PULAOW PRAWN",2,KGS,1150,0,1150,0,Y,1,Y
477,"STEAM RICE (WHITE)",2,KGS,1000,0,1000,0,Y,1,Y
478,"VEGETABLE RICE",2,KGS,1300,0,1300,0,N,1,Y
480,"BIRYANI MASALA KOFTA CHICKEN",2,KGS,1975,775,1200,0,Y,1,Y
481,"BIRYANI MASALA KOFTA BEEF",2,KGS,2950,1750,1200,0,Y,1,Y
483,"PULAOW KOFTA BEEF",2,KGS,2700,1550,1150,0,Y,1,Y
484,"YAKHNI PULAOW BEEF BONELESS",2,KGS,3000,1750,1250,0,Y,1,Y
488,"STEW QEEMA BEEF",3,KGS,2650,1750,900,0,Y,1,Y
489,"CHICKEN CHEESE TEMPURA",5,KG,1425,775,650,0,Y,11,Y
491,"KARAHI BEEF BONELESS(LIVE)",3,KGS,2700,1750,950,0,Y,1,Y
494,"CHARGHA CHICKEN",5,KGS,1135,535,600,0,Y,1,Y
495,"CHANDAN KABAB",4,KGS,1500,0,1500,0,N,3,N
498,"MAKHNI CHICKEN",3,,1335,535,800,0,Y,1,Y
499,"QORMA BEEF BONELESS",3,KG,2650,1750,900,0,Y,1,Y
500,"QORMA BEEF",3,,2350,1450,900,0,Y,1,Y
503,"KHEER QULFA",7,KGS,950,0,950,0,N,1,N
504,"PACKING SMALL",15,1,3.85,0,3.85,0,N,2,N
505,"PACKING LARGE BOXES",17,,0,0,0,0,N,25,Y
506,"GOLA KABAB",4,KG,1850,1350,500,0,N,3,N
507,"HALWA GAJAR DESI GHEE SPECIAL",7,KG,1400,0,1400,0,N,1,Y
508,"LOKI HALWA DESI GHEE SPECIAL",7,KG,1400,0,1400,0,N,1,Y
510,"HALWA SUJI DESI GHEE",7,KG,1000,0,1000,0,N,1,Y
511,"ZARDA KHOYA PELA GULAB JAMAN",7,KG,2200,0,2200,0,N,1,N
512,"BIRYANI ZAFRAN",2,KG,1250,0,1250,0,Y,1,Y
513,"KARAHI CHICKEN LIVE",3,KG,1485,535,950,0,Y,4,Y
514,"QEEMA BEEF LIVE",3,KG,2700,1750,950,0,Y,4,Y
515,"MALAI KOFTA CHICKEN",3,KGS,2175,1175,1000,0,Y,1,Y
516,"BOHRA FRIED CHICKEN",5,KG,1185,535,650,0,Y,1,Y
517,"KARAHI MUTTON LIVE",3,KGS,3850,2900,950,0,Y,4,Y
518,"YAKHNI PULAOW BEEF",2,KGS,2700,1450,1250,0,Y,1,Y
519,"HANDI CHICKEN",3,KG,1535,535,1000,0,Y,1,Y
520,"BIRYANI SADI BEEF ZAFRAN",2,KG,2700,1450,1250,0,Y,1,Y
521,"VEGETABLE MIX",3,KG,550,0,550,0,N,1,Y
522,"BIRYANI MASALA CHICKEN AALOO",2,KG,1785,535,1250,0,Y,1,Y
523,"BIRYANI SADI CHICKEN ZAFRAN",2,KG,1785,535,1250,0,Y,1,Y
524,"ZARDA SADA MOTIA",7,KG,1200,0,1200,0,N,1,N
525,"RICE 11-21 MUGLAI",2,,350,0,350,0,N,1,N
526,"KARAHI QEEMA BEEF LIVE",3,KG,2700,1750,950,0,Y,4,Y
527,"CANDY FLOSS",1,1,1500,0,1500,1,N,24,Y
528,"POP CORN",1,,0,0,0,1,N,24,Y
529,"CHAPATI SPECIAL",8,PCS,40,0,40,0,N,15,Y
530,"BIRYANI SADI CHICKEN",2,KG,1735,535,1200,0,Y,1,Y
531,"LADY WAITRESS,&,GENTS WAITERS",17,PCS,0,0,0,0,N,25,N
532,"STICK QULFI",7,PCS,100,0,100,0,N,13,Y
533,SHAWARMA,6,,120,0,120,0,N,1,N
534,"BIRYANI SADI BEEF",2,KG,2650,1450,1200,0,Y,1,Y
535,"VEGETABLE FRIED RICE",2,KG,1300,0,1300,0,Y,1,Y
536,"MINI PIZZA",16,PCS,100,0,100,0,N,21,N
537,"MASALA DOSA VEGETABLE",6,,60,0,60,0,N,14,Y
538,"SINGLE BITE SAMOSA CHEESE",16,,14,0,14,0,N,1,Y
539,"PLAIN CAKE",7,PEC,500,0,500,0,N,6,Y
540,"TANDOORI MASALA CHICKEN",3,,1235,535,700,0,Y,1,Y
541,"M BREAD -",8,KG,300,0,300,0,N,15,Y
542,"BIRYANI MASALA BEEF AALOO",2,KG,2700,1450,1250,0,Y,1,Y
543,"TIKKA KARAHI CHICKEN LIVE",3,KG,1535,535,1000,0,Y,1,Y
544,"MEETHI PURI",1,PCS,50,0,50,0,N,13,Y
545,"KARAHI QEEMA BEEF",3,KG,2650,1750,900,0,Y,1,Y
546,"MATKA QULFI",7,PCS,180,0,180,0,N,1,Y
547,"SHASHLIK STICK CHICKEN",4,KG,1375,775,600,0,N,3,N
548,"BIHARI CHICKEN TIKKA",4,KG,885,535,350,0,Y,3,Y
549,"ZARDA SPECIAL (CUP)",7,PCS,120,0,120,0,N,1,Y
551,"DANDA BIRYANI ZAFRAN",2,KG,4250,3000,1250,0,Y,1,Y
552,"HALWA CHANA",7,KG,0,0,0,0,N,1,N
553,DECORATION//ARRANGEMENT,17,P/H,0,0,0,0,Y,25,N
554,"CRISPY FISH",5,KGS,600,0,600,0,Y,1,Y
555,"CHILLI GARLIC",11,PCS,6,0,6,0,N,1,N
556,"TAUTAR SAUCE",11,PER,6,0,6,0,N,1,N
557,"BIRYANI MASALA CHICKEN (SINGLE) BOX",2,NO,320,0,320,0,Y,1,Y
558,"PALAK PANIR",3,PER,50,0,50,0,Y,1,N
559,"CHOCLATE FOUNTAIN",7,NO,4000,0,4000,0,N,7,N
560,KHOYA,7,KG,950,0,950,0,N,1,N
561,"BIRYANI CHICKEN BOX",2,PCS,270,0,270,0,N,1,N
562,"KOFTA MUTTON",3,KG,3800,2900,900,0,Y,1,Y
563,"SALAD TRAY GREEN",10,PCS,600,0,600,0,N,1,N
564,"CHICKEN NUGGETS",6,KGS,1075,775,300,0,Y,1,Y
565,"VEGETABLE SAMOOSA",6,PCS,10,0,10,0,N,1,N
566,"SINGAPORIAN RICE COUNTER",2,KG,3355,855,2500,0,Y,1,Y
567,"BIRYANI MASALA MUTTON AALOO",2,KG,4150,2900,1250,0,Y,1,Y
568,"SINGAPORIAN RICE (FAMILY PACK LARGE)",17,,3500,0,3500,0,N,1,N
569,"SINGAPORIAN RICE (FAMILY PACK SMALL)",17,,2500,0,2500,0,N,1,N
570,"BIRYANI CHICKEN (BUCKET SMALL)",17,,0,0,0,0,N,1,N
571,"CREAM COCKTAIL CUP",17,,170,0,170,0,N,1,N
572,"COLD DRINK JUMBO",17,,280,0,280,0,N,1,N
573,"DELIVERY CHARGES",17,,1,0,1,0,N,1,N
574,"MINT ROLL",6,PH,75,0,75,0,N,1,N
575,"CHICKEN BIRYANI BOX SMALL",2,PCS,270,0,270,0,N,1,N
576,"COLD DRINK 300ML",17,PCS,90,0,90,0,N,1,N
577,"KARAHI CHICKEN WHITE LIVE",3,KGS,1685,535,1150,0,Y,1,N
578,"KARAHI QEEMA MUTTON LIVE",3,KG,3850,2900,950,0,Y,4,Y
579,"BIRYANI MASALA LAMB",2,KG,3550,2400,1150,0,Y,1,Y
580,"FAMAISHI CHAPATI LIVE",8,NOS,7000,0,7000,0,N,15,N
581,"SPICY CHARGA CHICKEN",5,KG,785,535,250,0,Y,1,Y
582,"SHEERMAL LIVE",8,PCS,9500,0,9500,0,N,15,N
583,"BEEF CHILLI DRY",3,KG,2100,0,2100,0,N,1,N
584,"CHICKEN CHANP GRILL",4,KG,1035,535,500,0,Y,1,Y
585,"CHICKEN STICK KABAB GRILD",4,KGS,1275,775,500,0,Y,3,Y
586,"MUTTON ISKANDARIA",4,KG,3400,2600,800,0,Y,3,Y
587,"PULAOW CHICKEN AALOO",2,KG,1785,535,1250,0,Y,1,Y
588,MUTTON,17,KG,2600,2600,0,0,N,1,N
589,"SHEERMAL LIVE",8,,9500,0,9500,0,N,15,N
590,"QEEMA MUTTON",3,,900,0,900,0,Y,1,Y
591,"SINGAPORIAN RICE BOX SMALL",2,,550,0,550,0,N,1,N
592,"MASALA DOSA CHICKEN",6,,90,0,90,0,N,14,N
593,"SOYA BEAN STICK",1,,400,0,400,0,N,1,N
594,"HALEEM VEGETABLE",3,,250,0,250,0,N,9,N
595,"PASTA CHICKEN",6,,1200,0,1200,0,Y,1,Y
596,"PULAOW CHICKEN BOX SMALL",2,,280,0,280,0,N,1,N
597,"COLD DRINK 500ML",14,,120,0,120,0,N,1,N
598,"DESI GHEE",17,,2900,0,2900,0,N,1,N
599,"BEEF QEEMA AALOO TEHRI",2,KG,3000,1750,1250,0,Y,1,Y
600,"RICE BAIG",2,BAIG,9250,0,9250,0,N,1,N
601,SOLT,17,PKT,50,0,50,0,N,1,N
602,"BIRYANI BUCKET LARGE",2,PCS,0,0,0,0,N,1,N
603,"COLD DRINK 1.5 LTR",14,,190,0,190,0,N,1,N
604,"FOILED STEAM CHICKEN",5,KG,1270,520,750,0,Y,1,Y
605,"MALAI KOFTA CHICKEN -",3,KG,1000,0,1000,0,Y,1,Y
606,"MALAI KOFTA CHICKEN DOUBLE",3,PCS,100,0,100,0,N,1,Y
607,"SEEKH KABAB CAMEL",4,KG,500,0,500,0,Y,1,Y
608,"STEAM CHICKEN GREEN MASALA",5,,1335,535,800,0,Y,1,Y
609,"KARAHI CHICKEN MAKHNI LIVE",3,KG,1785,535,1250,0,Y,1,Y
610,"AFGHANI CHICKEN PULLAOW",2,KGS,2095,795,1300,0,Y,1,Y
611,"SINGAPORIAN RICE KOFTI",2,KG,0,0,0,0,N,1,Y
612,"MALAI KOFTA CHICKEN SINGLE",3,,65,0,65,0,N,1,Y
613,"MALAI KOFTA CHICKEN GRABI",3,,200,0,200,0,N,1,Y
614,"CREAM COCKTAIL HALF PACK",7,PCS,600,0,600,0,N,1,Y
615,"CRISPY BROAST CHICKEN",5,KGS,1285,535,750,0,Y,1,Y
616,"COLD DRINK CAN,250,ML",14,PCS,95,0,95,0,N,1,Y
617,"NIHARI CHICKEN GRABI",3,,700,0,700,0,N,1,Y
618,MAYONNAISE,11,,5040,0,5040,0,N,1,N
619,"ZARDA RANG",17,,350,0,350,0,N,1,Y
620,"PALAK GOSHT CHICKEN",3,KG,1275,575,700,0,Y,1,Y
621,"CREAM COCKTAIL FULL PACK",7,PCS,1200,0,1200,0,N,1,Y
622,CHIPS,16,,400,0,400,0,N,21,N
623,"CHICKEN ALA KIEV",5,KG,1375,775,600,0,Y,1,Y
624,DATES,1,,0,0,0,0,N,1,Y
625,"BIRYANI BOX LARGE",2,,530,0,530,0,N,1,N
626,"ANDA ALOO GARIBI",3,,900,0,900,0,N,1,N
627,"CHICKEN SPRING",5,,1125,775,350,0,Y,1,Y
628,"KHEER CUP",7,PCS,100,0,100,0,N,1,N
629,"ZEERA RICE-DAAL CHANA",2,KG,1300,0,1300,0,N,1,N
630,"BOMBAY DAAL",3,KG,450,0,450,0,N,1,N
631,"MURGH CHANA",3,KGS,1535,535,1000,0,Y,1,Y
632,"CHICKEN CHEESE BALL",5,KG,1375,775,600,0,Y,1,Y
633,"CHICKEN LOKI",3,KGS,935,535,400,0,Y,1,Y
634,"DAHI KONDA",9,,0,0,0,0,N,1,N
635,BONELESS,17,,775,775,0,0,Y,1,Y
636,BEEF,17,KGS,1450,1450,0,0,Y,1,Y
637,"CHICKEN CUTLUS",5,KGS,1125,775,350,0,Y,1,Y
638,"CHICKEN BOTI GREEN MASALA",4,KGS,985,535,450,0,Y,1,Y
639,"KHEER INDIAN",7,KG,1000,0,1000,0,N,1,N
640,"CHANP MUTTON BBQ",4,KGS,3000,2600,400,0,Y,3,Y
641,"LABNESE GRILL",4,KGS,1225,775,450,0,Y,3,Y
642,"VIP WAITERS",17,NOS.,600,0,600,0,N,25,N
643,"CHICKEN FINGER",5,KG,1175,775,400,0,Y,1,Y
644,ICE,17,NOS,1200,1200,0,0,N,1,N
645,"DAL CHANA LOKI",3,KGS,800,0,800,0,N,1,N
646,"PAYA CEMAL",3,PCS,1000,0,1000,0,N,1,N
647,"FISH GRILL",4,KGS,600,0,600,0,Y,3,N
648,"OIL KANASTAR",17,,8400,0,8400,0,N,1,N
649,"JANGLI KARAHI",3,KG,0,0,0,0,Y,4,Y
650,MILK,17,LTR,90,0,90,0,N,1,N
651,"CHICKEN DRUM STICK",5,KG,1200,550,650,0,Y,1,Y
652,STROW,17,PK,150,0,150,0,N,1,N
653,"FOIL PAPER",17,NO,135,0,135,0,N,1,N
654,"DISPOSIBAL SPOON",17,PCT,65,0,65,0,N,1,N
655,"PACKING MATERIAL F/P SMALL",17,NO,35,0,35,0,N,1,N
656,"PACKING MATERIAL F/P LARGE",17,KG,40,0,40,0,N,1,N
657,"PRINTED SHOPER",17,KG,450,0,450,0,N,1,N
658,"TISSUE PAPER",17,KG,250,0,250,0,N,1,N
659,"BEEF QEEMA WITH MUTTON CHOPS",3,KG,3550,2600,950,0,Y,1,Y
660,"PALAK PANEER MAKAI ROTI",6,P/H,85,0,85,0,N,1,N
661,DISPENSOR,14,PCS,800,800,0,0,N,20,N
662,"MINERAL CANE 19L",14,PCS,200,200,0,0,N,20,N
663,"CHICKEN SAMOOSA",5,PCS,60,0,60,0,N,1,Y
664,"BIRYANI MASALLAH WHITE BEEF",2,KGS,2700,1450,1250,0,Y,1,Y
665,"VEGETABLE FRIED RICE",2,KGS,1300,0,1300,0,N,1,N
666,"EGG HALWA DESI GHEE",7,KGS,0,0,0,0,N,16,N
667,"BIRYANI BUCKET SMALL",17,,0,0,0,0,N,1,N
668,"BIRYANI WHITE MUTTON",2,KGS,4150,2900,1250,0,Y,1,Y
669,"BRAIN MUTTON",3,PCS,300,300,0,0,Y,1,N
670,"BRAIN JAMSI",3,PCS,250,250,0,0,Y,1,N
671,"CHICKEN STRIP CRISPY",5,KGS,1425,775,650,0,Y,1,Y
672,"BIRYANI WHITE MASALA BEEF",2,KGS,2700,1450,1250,0,Y,1,Y
673,"BIRYANI WHITE MASALA CHICKEN",2,KGS,1785,535,1250,0,Y,1,Y
674,"BIRYANI WHITE MASALA MUTTON",2,KG,3850,2600,1250,0,Y,1,Y
675,"FISH NUGGETS",5,KGS,600,0,600,0,Y,1,Y
676,"BEEF BONELESS",17,KG,1750,1750,0,0,N,1,N
677,CHICKEN,17,KGS,535,535,0,0,Y,1,Y
678,"ICE CREAM CHESS CAKE",7,KGS,720,0,720,0,N,6,N
679,BANANA,17,PCS,0,0,0,0,N,24,N
680,"KHEER DIET",7,KGS,1000,0,1000,0,N,1,N
681,"FOOD STREET",6,NOS,0,0,0,0,N,13,N
682,"CHEERY KRUNCH",7,KGS,1300,0,1300,0,N,1,N
683,"AALOO TEHRI",2,KGS,1250,0,1250,0,N,1,N
684,"BRAIN BEEF",3,PCS,800,0,800,0,Y,1,N
685,"HANDI CHICKEN LIVE",3,KG,1535,535,1000,0,Y,1,Y
686,"TURKISH KABAB",4,KG,2250,1750,500,0,Y,1,Y
687,"NORATAN KABAB",4,KG,1750,1250,500,0,Y,3,Y
688,"CHERRY CRUNCH",7,KG,1300,0,1300,0,N,1,N
689,MARBLECAKE,16,NOS.,600,0,600,0,N,21,N
690,NALLI,3,KGS,800,800,0,0,N,1,N
691,"EGG PUDDING",7,KGS,500,0,500,0,N,1,N
692,"KASHIF FOOD DAILY EXPENCES",17,,0,0,0,0,N,1,N
693,OMLET,1,NOS,80,80,0,0,N,1,N
694,"BREAD SLICE",1,NO,20,20,0,0,N,1,N
695,CRACKER,1,PCS,15,0,15,0,N,1,Y
696,"ICE CREAM SCICILIAN",7,KGS,700,0,700,0,N,7,Y
697,"ICE CREAM ROASTED ALMOND",7,LTR,700,0,700,0,N,7,N
698,"ICE CREAM GATAEU",7,LTR,720,0,720,0,N,7,N
699,"SHEER KHORMA",7,KGS,1050,0,1050,0,N,1,Y
700,"FISH SEEKH KABAB",4,KGS,500,0,500,0,Y,3,Y
701,"DUCK PULLAOW",2,KGS,1200,0,1200,0,Y,1,Y
702,"BEEF QORMA BADAMI",3,KGS,2450,1450,1000,0,Y,1,Y
703,"FISH BISCUIT MUSHKA",5,KG,600,0,600,0,Y,1,Y
704,"BREAD STICK",1,PCS,10,0,10,0,Y,25,Y
705,"CHICKEN BIRYANI BONELESS",2,KGS,2055,855,1200,0,Y,1,Y
706,"CHICKEN KARAHI KOILA",3,KGS,1485,535,950,0,Y,4,Y
707,"MINERAL WATER SMALL",14,NOS,40,0,40,0,N,1,N
708,"ARABIAN PUFF",6,PCS,140,0,140,0,N,6,N
709,"BHAIL PURI",1,NOS,30,0,30,0,N,13,N
710,"SHAB DAIG",3,KG,600,0,600,0,Y,1,Y
711,"LIMKA DRINK",1,PCS,60,0,60,0,Y,24,N
712,"KARAHI WHITE MUTTON LIVE",3,KG,4050,2900,1150,0,Y,4,Y
713,ACHAR,10,KG,500,0,500,0,N,1,Y
714,"KALEJI POTA CHICKEN",4,KG,0,0,0,0,N,3,N
715,"SHAHI CHATAKH TIKKA",4,KG,1135,535,600,0,Y,3,Y
716,"KALEJI MASALAH",3,KG,400,0,400,0,Y,4,Y
717,"CHICKEN BALOCHI TIKKA",4,KGS,1035,535,500,0,Y,3,Y
718,"PRAWNS CHILLI DRY",5,KG,400,0,400,0,Y,1,Y
719,"SHAHI CHATAKH BOTI",4,KG,1275,775,500,0,Y,3,Y
720,"FISH N CHIPS",5,KG,700,0,700,0,N,1,Y
721,"PERI BITE",1,,55,0,55,0,N,6,Y
722,"KARAHI CHICKEN KALA HARA",3,KG,1685,535,1150,0,Y,4,Y
723,"FISH CHEESE BALL",5,KGS,700,0,700,0,Y,11,Y
724,"ASSORTED CANOPES",1,,25,0,25,0,N,11,Y
725,"ONION RINGS",1,PCS,8,0,8,0,N,11,Y
726,"CHICKEN CROISSANT",1,PCS,30,0,30,0,Y,11,Y
727,"CHICKEN CREAM SOUP",1,PER,90,0,90,0,N,11,Y
728,"FISH STUFF CHEESE",5,KG,700,0,700,0,Y,11,Y
729,"PRAWNS BUTTER FLY",5,KG,350,0,350,0,Y,11,Y
730,"CHICKEN ROULADE",5,KG,1125,775,350,0,Y,11,Y
731,"CHICKEN CHEESE STRIPS",5,KG,1425,775,650,0,Y,11,Y
732,"WINGS CHICKEN LAHORI",5,KG,1135,535,600,0,Y,1,Y
733,"FISH CHEESE STUFFED",5,KG,700,0,700,0,Y,1,Y
734,"TERIYAKI BEEF",3,KG,2550,1750,800,0,Y,1,Y
735,"TEMPURA VEGETABLE",6,KG,650,0,650,0,N,1,Y
736,"RESHMI PANEER HANDI CHICKEN",3,PCS,2005,855,1150,0,Y,1,Y
737,"BABY DONUT",1,PCS,0,0,0,0,N,1,N
738,"THIRMAPOL CUP",17,,0,0,0,0,N,1,N
739,CAP,1,,140,0,140,0,N,1,N
740,TEASHART,1,,350,0,350,0,N,1,N
741,SHART,1,,600,0,600,0,N,1,N
742,"BEEF BONG BIRYANI",2,KG,2950,1750,1200,0,Y,1,Y
743,LASANIA,6,KG,0,0,0,0,Y,1,Y
744,"ARBI PARATHA",6,PCS,0,0,0,0,Y,1,Y
745,"ICE CREAM (LIVE COUNTER)",7,P/H,180,0,180,0,N,6,Y
746,"SAFI,DUSTER",17,KG,100,100,0,0,N,25,Y
747,"CHEERY KRUNCH CUP",17,,180,0,180,0,N,1,N
748,"KARAHI BEEF LIVE",3,KG,2400,1450,950,0,Y,4,Y
749,"LEMON KARAHI CHICKEN",3,KG,1745,795,950,0,Y,1,Y
750,"AMERICAN GRILL",4,KG,1380,780,600,0,Y,3,Y
751,"CHEESE KABAB CHICKEN",4,KG,1300,700,600,0,Y,2,Y
752,"DYNAMITE CHICKEN",1,KG,700,0,700,0,Y,1,Y
753,"SALAD TROLLY",10,PCS,15000,0,15000,0,N,17,N
754,"PISTA COCKTAIL",7,KG,650,0,650,0,Y,1,Y
755,"SALT,(NAMAK)",17,,200,0,200,1,N,25,N
756,"CHAPLI KABAB FISH",5,KG,600,0,600,0,Y,4,N
757,"KALEJI KARAHI LIVE",3,KG,950,0,950,0,Y,4,N
758,"KADHI,PAKORA",3,,0,0,0,0,N,1,N
759,"SSGC CHARGESS,GARLIC FRY",17,KG,0,0,0,0,N,1,N
760,"EXTRA SAUCE",17,KG,400,0,400,0,N,1,N
761,"KARAHI CHICKEN PESHAWRI",3,KG,1490,540,950,0,Y,1,Y
762,"KARAHI MUTTON PESHAWRI",3,KG,3950,2900,1050,0,Y,1,Y
763,"HALWA MAKHKHANA",7,KG,0,0,0,0,N,1,N
764,"KASHMIRI PULAOW CHICKEN",2,KG,2205,855,1350,0,Y,1,Y
765,"CHICKEN TAWA",3,KG,1455,855,600,0,Y,4,Y
766,"PULAOW BIRYANI CHICKEN",2,KG,1835,535,1300,0,Y,1,Y
767,"PULAO BIRYANI BEEF",2,KG,2750,1450,1300,0,Y,1,Y
768,"HALWA INJEER",7,KG,0,0,0,0,Y,1,N
769,"FAIR FOR HALEEM",17,NO,0,0,0,0,N,25,Y
770,"JAM JELLY",17,PCS,0,0,0,0,N,25,Y
771,"CHICKEN ECLIAR",17,PCS,0,0,0,0,N,25,Y
772,"DALL GOSHT CHICKEN",3,KGS,1420,620,800,0,Y,1,Y
773,"BUTTER,",17,PCS,0,0,0,0,N,25,Y
774,"DISPOSIBAL PLATE",17,NO,0,0,0,0,N,25,N
775,"DISPOSIBAL CUP",17,PCS,0,0,0,0,N,25,N
776,"BEEF KARAHI SHANWARI",3,KGS,2500,1450,1050,0,Y,1,Y
777,"MANGO DELIGHT",7,KG,1400,0,1400,0,Y,6,N
778,"CHICKEN CHEESE CONE",6,PCS,60,0,60,0,N,6,N
779,"GURDA MUTTON",3,PCS,50,50,0,0,Y,1,N
780,"DILL MUTTON",3,PCS,50,0,50,0,Y,1,N
781,"PRAWNS KARAHI",3,KG,900,0,900,0,Y,1,Y
782,"LABENESE KABAB",4,KG,1340,890,450,0,Y,3,Y
783,"CHICKEN KARAHI SHANWARI",3,KGS,1535,485,1050,0,Y,1,Y
784,"VEGETABLE FRIED RICE-BEEF CHILLI",2,KGS,2900,0,2900,0,N,1,N
785,"BIHARI ROLL CHICKEN",4,PCS,150,0,150,0,N,3,Y
786,"EXTRA CURRY",3,KGS,800,0,800,0,Y,1,Y
787,"KACHORI MEHMOOD",1,PCS,0,0,0,0,Y,21,Y
788,"BALOOCHI BOTI BONELESS",4,KG,1305,855,450,0,Y,3,Y
789,FANS,17,PCS,500,0,500,0,N,25,N
790,"CHICKEN CHOWMING",16,KGS,1000,0,1000,0,Y,1,Y
791,"ANGARA KABAB",4,KGS,1750,1200,550,0,Y,3,N
792,"CURRENT PULLAOW BEEF",2,KGS,2700,1450,1250,0,Y,1,Y
793,"CHICKEN SHINWARI TIKKA",4,KGS,1020,520,500,0,Y,3,Y
794,"AGRA SHAHI SPAICIOL",8,KGS,650,0,650,6,N,1,N
795,"CHICKEN POCKET",6,PIS,60,0,60,0,N,6,N
796,"MINT ROLL STATER",1,PIS,35,0,35,0,N,1,N
797,"HUNZAI KABAB",4,KGS,550,0,550,0,N,1,N
798,"QORMA PANEER",3,,1000,0,1000,0,N,1,N
799,"VEGETABLE ROLL ONE BITE",5,PCS,30,0,30,0,N,1,N
800,"SAMOSA VAGETABLE ONE BITE",5,PCS,22,0,22,0,N,1,N
801,"HED CAP NET",17,PCS,0,0,0,0,N,1,N
802,"FACE MASK",17,PCS,0,0,0,0,N,1,N
803,AP[REN,17,PCS,0,0,0,0,N,1,N
804,"MEXICAN TIKKA",4,KG,1000,500,500,0,Y,3,Y
805,"DILL BEEF",17,PCS,0,0,0,0,Y,1,N
806,"GURDY BEEF",17,PCS,0,0,0,0,Y,1,N
807,"AFGHANI BOTI BEEF",4,KGS,2150,1550,600,0,Y,3,Y
808,"ZEERA RICE",2,KG,1000,0,1000,0,N,1,N
809,"DIL GURDA BBQ LIVE SEEKH",4,KGS,400,0,400,0,Y,3,Y
810,"CHOCOLATE ECLAIRS",7,PCS,0,0,0,0,Y,6,Y
811,"MORACON KABAB",4,KG,1850,1350,500,0,Y,3,Y
812,"COCKTAIL DELIGHT",7,KG,1100,0,1100,0,Y,1,Y
813,"AFGHANI PULAO BEEF",2,KGS,2700,1350,1350,0,Y,1,Y
814,"CHICKEN BALOCHI TIKKA FRY",5,KGS,1255,605,650,0,Y,3,Y
815,"PURI SINGLE",5,PCS,50,0,50,0,N,1,Y
816,"DUMBA CHAKKI",4,KGS,2000,0,2000,0,Y,3,Y
817,"CHEESE KABAB BEEF",4,KGS,2350,1750,600,0,N,3,N
818,"PURI IN PEASE",5,PCS,50,0,50,0,N,1,Y
819,"DESI CHICKEN",17,KGS,0,0,0,0,Y,1,Y
820,FRUIT,10,,0,0,0,0,N,1,N
821,"CEREAL STATIONS",6,"PER HD",0,0,0,0,N,1,N
822,"EXTRA BUN",1,PCS,40,0,40,0,N,1,N
823,"AFGHANI PULAO MUTTON",2,KGS,3950,2600,1350,0,Y,1,Y
824,"AFGHANI RICE",2,KGS,1300,0,1300,0,N,1,N
825,"CAKE ALASKA",7,KGS,700,0,700,0,Y,6,Y
826,JALEBI,7,PCS,30,0,30,0,N,1,N
827,"SUJI HALWA CUP",7,PCS,0,0,0,0,N,1,N
828,"FOIL KABAB CHICKEN",5,KGS,1815,1115,700,0,Y,1,Y
829,"CURRENT PULAOW CHICKEN",2,KG,1915,615,1300,0,Y,3,Y
830,"DISPOSIBAL FORK",17,PCT,65,0,65,0,N,1,N
831,"CHICKEN SHOT,",1,KGS,600,0,600,0,Y,1,Y
832,"BEEF KOILA KARAHI LIVE",3,KGS,2400,1450,950,0,Y,4,Y
833,"STEAM BEEF",5,KGS,2150,1350,800,0,Y,1,Y
834,"FISH BISCUIT KACHCHI",5,KGS,0,0,0,0,Y,1,Y
835,"FISH MUSHKA FINGER KACHCHI",5,KGS,0,0,0,0,Y,1,Y
836,"MUTTON ISKANDARIA",4,KGS,3300,2600,700,0,Y,3,Y
837,"SAFFRON DELIGHT",7,KGS,1100,0,1100,0,N,6,N
838,"POTATO CHEESE BALL",6,PCS,50,0,50,0,N,6,N
839,"SALAD BBQ",10,PH,15,0,15,0,N,1,N
840,"RAJHISTANI TIKKA",4,KGS,950,500,450,0,Y,3,Y
841,"FRIED PRAWN BALL",5,KGS,600,0,600,0,Y,1,Y
842,"CHICKEN SZECHUAN",3,KGS,0,0,0,0,Y,1,Y
843,"HALWA KAJO MALAI",7,KGS,2350,0,2350,0,Y,1,N
844,"WELCOME PLT FRIED 360",1,PCS,1150,0,1150,0,N,6,N
845,"BEEF CHILLI",2,KGS,2850,1750,1100,0,N,1,N
846,"BREAD ROLL",6,PCS,80,0,80,0,N,1,N
847,"PULLAOW WALI CHATNI",17,PER,10,0,10,0,N,1,N
848,NAROTHAY,3,KGS,1300,500,800,0,Y,1,Y
849,"HADDI GUDDI",3,KGS,1200,500,700,0,Y,1,Y
850,"CHICKEN ANGARA",4,KG,1035,535,500,0,Y,3,Y
851,"SHAWARMA PLATER",6,PCS,0,0,0,0,N,1,N
852,HUMUS,6,KGS,0,0,0,0,N,1,N
853,BAKLAVA,6,PCS,0,0,0,0,N,1,N
854,FALAFAL,6,KGS,0,0,0,0,N,1,N
855,"CHICKEN MADBI",2,KGS,1000,0,1000,0,Y,1,Y
856,KUNAFA,7,KGS,0,0,0,0,Y,1,Y
857,"CHICKEN PINAPPLE SALAD",10,PCS,0,0,0,0,N,1,Y
858,"TISSUE PAPER BOX",17,PCS,200,0,200,0,N,1,N
859,"KOREAN BITE",1,KGS,1375,775,600,0,N,6,N
860,"CREAMY BISCOFF",7,KGS,1700,0,1700,0,N,6,Y
861,"ROYAL SALAD MIX",10,KGS,0,0,0,0,N,1,Y
862,"CHICKEN CHANP BBQ GOLDEN",4,KGS,450,0,450,0,Y,3,Y
863,"BBQ PLATTER LARGE",4,PCS,6535,535,6000,0,N,1,N
864,"CHICKEN CHILLI DRY",3,KGS,2000,0,2000,0,N,1,N
865,"FISH KARAHI.LIVE",3,KGS,900,0,900,0,Y,4,Y
866,"MALAI BOTI FISH",4,,650,0,650,0,Y,4,Y
867,"KTAKAT BEEF,",3,KGS,900,0,900,0,Y,1,Y
868,"DALL MAKHNI",3,PCS,1300,0,1300,0,Y,1,Y
869,"PRAWN KOLIWADA FRY",5,KGS,700,0,700,0,Y,1,Y
870,"WHITE KEEMA STEW KHADE MASALA",3,KGS,2500,1450,1050,0,Y,1,Y
871,"KURKURI BHINDI",3,KGS,800,0,800,0,Y,1,Y
872,"MISSI ROTI TAWA",8,KGS,0,0,0,0,Y,1,Y
873,"AMRITSARI FISH FRY",5,KGS,800,0,800,0,Y,1,Y
874,"DAHI WALAY BAINGAN",3,KGS,0,0,0,0,Y,1,Y
875,"BAISAN WALI MIRCH",17,PH,0,0,0,0,Y,1,Y
876,"CHICKEN MALAI SEEKH BIRYANI",2,KGS,2370,670,1700,0,Y,1,Y
877,"ALOO BHUNA DHABA STYLE",17,KGS,0,0,0,0,Y,1,Y
878,"LASOONI PALAK PANEER,DHABA",3,KGS,0,0,0,0,Y,1,Y
879,"GARLIC SAUCE",11,KGS,0,0,0,0,N,1,N
880,"CHILLI SAUCE CHATNI",11,KGS,0,0,0,0,N,1,N
881,"PEACH CREAM",7,KGS,1000,0,1000,0,N,6,N
882,"STEAMED MOMOS WITH SAUCE",6,PCS,0,0,0,0,Y,1,Y
883,"DYNAMITE PRAWNS",1,KGS,700,0,700,0,Y,1,Y
884,"ICE CREAM WAFFLES,LIVE",7,,210,0,210,0,N,7,Y
885,"QEEMA DHABE WALA",3,KGS,2250,1450,800,0,Y,1,Y
886,"BHINDI MASALA FRY",5,KGS,800,0,800,0,Y,1,Y
887,"BIRYANI DUM WALI MUTTON",2,KGS,4100,2900,1200,0,Y,1,Y
888,"RAITA ONION FRIED",9,KGS,700,0,700,0,N,1,Y
889,"INJEER DELIGHT",7,KGS,1400,0,1400,0,Y,1,N
890,"LABNESE TIKKA",4,KGS,1290,840,450,0,Y,4,Y
891,"ADAN KABAB",4,KGS,1750,1200,550,0,Y,3,Y
892,"PASTERIES IN PICS",7,PCS,150,0,150,0,N,1,N
893,"BIRYANI BEEF BONELESS BOX",2,PCS,0,0,0,0,N,1,N
894,"MUGHLAI CHICKEN BONELESS",3,KGS,2275,1075,1200,0,Y,1,Y
895,"BOX PATTIES",6,PCS,0,0,0,0,N,6,N
896,"BREAD PATTIES",6,PCS,0,0,0,0,N,6,N
897,"FRIED CHICKEN LAHORI",5,KGS,1705,1105,600,0,Y,1,Y
898,"SWEET THAI CHILLI PRAWN",5,KGS,900,0,900,0,Y,6,Y
899,"PANEER TIKKA GRILLD",4,KGS,0,0,0,0,Y,1,Y
900,"CHICKEN PAHADI KABAB",4,KGS,1615,1115,500,0,Y,1,Y
901,"EASY SUMMER PRAWN",4,KGS,500,0,500,0,Y,1,Y
902,"GULF CHEESE KABAB GRILL",4,KGS,1600,0,1600,0,Y,3,Y
903,"BLOCHI FISH GRILLED",4,KGS,500,0,500,0,Y,3,Y
904,"KHAJOOR IMLI CHATNI",11,PH,0,0,0,0,N,1,N
905,"BURANI RAITA TADKA",9,KGS,500,0,500,0,N,1,Y
906,"CRAMEL CRUNCH ICE CREAM",7,KGS,750,0,750,0,N,1,N
907,"ICE CREAM COFFEE",7,KGS,700,0,700,0,N,1,N
908,"BIRYANI MASALA SADI",2,KGS,0,0,0,0,N,1,Y
909,"ANQARA BOTI",4,KGS,1325,775,550,0,Y,3,Y
910,"COCONUT WATTER,",17,PCS,400,0,400,0,N,1,N
911,"MAKHNI HANDI SP BONELESS",3,KGS,2200,1050,1150,0,Y,1,Y
912,"TAWA QEEMA BEEF",3,KGS,2450,1550,900,0,Y,1,Y
913,"HALWA AKHROT",7,KGS,2500,0,2500,0,N,21,N
914,"BEEF SLIDERS",6,PCS,0,0,0,0,N,1,N
915,"GARLIC RICE",2,KGS,1200,0,1200,0,N,1,N
916,"FETTUCCINE PASTA",6,PCS,0,0,0,0,N,1,N
917,"PIZZA FLAVOURS",6,PCS,0,0,0,0,N,1,N
918,"LAVA CAKEICE WITH CREAM",7,PCS,0,0,0,0,N,1,N
919,"TARTS SWEET",7,PCS,0,0,0,0,N,1,N
920,"MANGOLIAN BEEF",3,KGS,0,0,0,0,N,1,N
921,"HYDERABADI APOLLO FISH FRY",3,KGS,800,0,800,0,N,1,N
922,"KACHHE KEEME KE KABAB",5,KGS,2350,1550,800,0,N,1,N
923,"ALOO KI KATLIYAN",3,KGS,800,0,800,0,N,1,N
924,"CHICKEN GHEE ROAST",3,KGS,800,0,800,0,N,1,N
925,"TANDOORI MINT RAITA",9,KGS,800,0,800,0,N,1,N
926,"PARATHA TAWA EASY",5,PCS,60,0,60,0,N,1,N
927,"FAMOUS TAHRI HYD MUTTON",2,KGS,3600,2600,1000,0,Y,1,Y
928,"TAVA PRAWNS MASALA",3,KGS,800,0,800,0,Y,1,Y
929,"KARACHI KE FRY KABAB",3,KGS,2750,1750,1000,0,Y,1,Y
930,"FRY DAAL MASH STREET STYLE",3,KGS,1200,0,1200,0,Y,1,Y
931,"TAWA FISH",5,KGS,0,0,0,0,Y,1,N
932,"FRUIT SHOT",1,KGS,1425,775,650,0,Y,6,Y
933,"MALAI HALWA",7,KGS,1800,0,1800,0,N,6,N
934,"GHUTA KABAB",3,KGS,1900,0,1900,0,Y,1,Y
935,"JAIPUR QORMA YELLOW MIRCH",3,KGS,1000,0,1000,0,Y,1,Y
936,"PALAK MATAR KI SABZI",3,KGS,800,0,800,0,N,1,N
937,"MASALA CH FRY RED MASALA CH",5,KGS,1305,705,600,0,Y,1,Y
938,"HYDERABADI KHATTI DAL",3,KGS,1000,0,1000,0,Y,1,Y
939,HUT,17,,0,0,0,0,N,1,N
940,"CHATKARA MASALA MUTTON",3,KGS,3900,2900,1000,0,Y,1,Y
941,"MUTTON BOTI MASALA",3,KGS,3400,2600,800,0,Y,1,Y
942,"GOAN STYLE CHILLI ALOO",3,KGS,1000,0,1000,0,N,1,N
943,"SMILE JUICE",18,PCS,50,0,50,0,N,1,N
944,"PEACH CASATTA",7,KGS,0,0,0,0,N,6,N
945,"THALL STEEL/PLASTIC",17,PCS,0,0,0,0,N,1,N
946,"2.5/4 TABLE,",17,PCS,0,0,0,0,N,1,N
947,"CHICKEN ROULETTE",5,KGS,1690,1090,600,0,N,11,Y
948,"BEEF BIRYANI SINDHI ALOO",2,KGS,2700,1450,1250,0,Y,1,Y
949,"SPRING ROLL STARTER",1,PCS,35,0,35,0,N,1,N
950,"ARBIUN PUFF STARTER",1,,130,0,130,0,Y,1,Y
951,"CHICKEN CHEESE CONE STATER",1,,60,0,60,0,N,1,N
952,"PERI BITES STARTER",1,,55,0,55,0,N,1,N
953,"DHAKA CHICKEN STARTER",5,KGS,1600,1000,600,0,Y,1,Y
954,"WONG TONG STARTER",1,,32,0,32,0,N,1,N
955,"CHICKEN POCKET STARTER",1,,60,0,60,0,N,1,N
956,"CHIKY MICKY STARTER",2,PCS,55,0,55,0,N,24,Y
957,"CHICKEN MANDI",2,KGS,1905,505,1400,0,Y,1,Y
958,"STIR FRIED BEEF",6,KG,2800,1600,1200,0,Y,1,Y
959,"CHICKEN STICK",5,KGS,1485,785,700,0,N,21,Y
960,"SALAD PLATE",10,PCS,100,0,100,0,N,1,N
961,"TEA & GREEN TEA",12,P/H,110,0,110,0,N,18,N
962,"TAWA BOTI KABAB BEEF",3,KGS,2350,1550,800,0,Y,1,N
963,"MUTTON TAWA BHUNA MASALA",3,KGS,3800,2900,900,0,Y,1,Y
964,"ACHARI ALOO RECIPY",3,KGS,800,0,800,0,Y,1,N
965,"LUCKNOWI STYLE HARI MIRCH KEEMA",3,KGS,2350,1550,800,0,Y,1,N
966,"CHILLI GARLIC TAWA CHICKEN",3,KGS,1615,815,800,0,Y,1,N
967,"PRAWN GHEE ROST",3,KGS,800,0,800,0,Y,1,N
968,"AKKHA KALI MASOOR",3,KGS,1200,0,1200,0,Y,1,N
969,"SARSON KA SAAG MAKAI ROTI",6,PCS,0,0,0,0,Y,1,Y
970,"BEETROOT VEG",3,KGS,1000,0,1000,0,N,1,N
971,"SMOKED TANDOORI TAWA KEEMA",3,KGS,2650,1750,900,0,N,1,N
972,"DECORATION DARI&CHANDNI",17,PCS,0,0,0,0,N,1,N
973,"DECORATION DASTARKHWAN",17,PCS,0,0,0,0,N,1,N
974,"MUTTON ROASH",5,KGS,3550,2600,950,0,Y,3,Y
975,"DRAGON CHICKEN B/L",3,KGS,1715,915,800,0,Y,1,Y
976,"SRIRACHA CHICKEN B/L",3,KGS,1715,915,800,0,Y,1,Y
977,"CHANA DAL MASALA DHABA STYLE",3,KGS,1000,0,1000,0,N,1,N
978,"PRAWNS TAWA MASALA",3,KGS,800,0,800,0,Y,1,Y
979,"EASY TORI RECIPE",3,KGS,800,0,800,0,N,1,N
980,"MUTTON MASALA RECIPY",3,KGS,3400,2600,800,0,Y,1,Y
981,"HYDERABADI STYLE MASALEDAR BEEF",3,KGS,2450,1550,900,0,Y,1,Y
982,"MASALEDAR HARI MIRCH ALOO",3,KGS,800,0,800,0,N,1,N
983,"MASALA RICE BOWILD",2,KGS,1100,0,1100,0,N,1,N
984,"AFGHANI CHICKEN TIKA",4,,1130,630,500,0,Y,3,Y
985,"AFGHANI PANEER TIKKA",4,KGS,1000,0,1000,0,Y,1,Y
986,"BEST EVER NAAN TANDOOR",8,NO,8000,0,8000,0,N,1,N
987,"SUKHY ALOO.DESI FRIES",5,KGS,800,0,800,0,N,1,N
988,"DAHI FRY RECIPE",9,KGS,600,0,600,0,N,1,Y
989,"KHATTI METHI GUR WALI MIRCHI",11,PER,10,0,10,0,N,1,N
990,"GRILLED SHRIMP RECIPE",4,KGS,600,0,600,0,N,1,N
991,"MUTTON SHAHLIK BOTI",4,KGS,500,0,500,0,Y,1,Y
992,"AFGHANI LAMB KABAB DUMBA",4,KGS,500,0,500,0,N,1,N
993,"PERFECT TANDOORI CHICKEN",5,KGS,700,0,700,0,N,1,N
994,"HARA BHARA BRAIN MASALA",3,PCS,800,0,800,0,N,1,N
995,"SPECIAL DAAL WITH ACHARI MIRCH TADKA",3,KGS,1000,0,1000,0,N,1,N
996,"WORLD FAMOUS HYD KEEMA",3,KGS,2350,1550,800,0,N,1,N
997,"SUPER TASTY DUM KA GOSHT MUTTON",3,KGS,3500,2600,900,0,N,1,N
998,"HYD STYLE GREEN CH BONELESS",3,KGS,2010,1110,900,0,N,1,N
999,"MASALA FISH FRY GRAVY",3,KGS,900,0,900,0,N,1,N
1000,"LAHORI MUTTON",3,KGS,3400,2600,800,0,N,1,N
1001,"LOKI KY KOFTY",3,KGS,1200,0,1200,0,N,1,N
1002,"MATAR PANEER",3,KGS,1500,0,1500,0,N,1,N
1003,"HANDI SEEKH KABAB",3,KGS,2550,1550,1000,0,N,1,N
1004,"PRAWN BHONA MASALA",3,KGS,800,0,800,0,N,1,N
1005,"CHICKEN MAKHNI HANDI",3,PCS,1900,800,1100,0,N,1,N
1006,"MASALA PULAO ALOO",2,KGS,1200,0,1200,0,N,1,N
1007,"CHASKA KABAB",4,KGS,1750,0,1750,0,Y,3,Y
1008,"TEA + GREEN TEA VIP STALL",12,NO,130,0,130,0,N,18,N
1009,"SWEET&SOUR FISH",3,KGS,800,0,800,0,Y,1,Y
1010,"PACKING MATERIAL BOXES",14,,0,0,0,0,N,1,N
1011,"MUTTON RARA RECIPE KEEMA WALA MUTTON",3,KGS,3400,2600,800,0,Y,1,Y
1012,"KERALA THATTUKADA STYLE BEEF",3,KGS,2350,1550,800,0,Y,1,Y
1013,"KASHMIRI CHICKEN MASALA",3,KGS,1440,640,800,0,Y,1,Y
1014,"ALOO KA BHARTA",17,KGS,800,0,800,0,N,1,N
1015,"CHICKEN BHONA MASALA",3,KGS,800,0,800,0,Y,1,Y
1016,"PANJABI STYLE BEEF QEEMA",3,KGS,2350,1550,800,0,Y,1,Y
1017,"CHICKEN THREAD",5,KGS,0,0,0,0,Y,11,Y
1018,"BEEF TIKKA MASALA",3,KGS,2450,1550,900,0,Y,1,Y
1019,"BHINDI DRY MASALA",3,KGS,800,0,800,0,N,1,N
1020,"ACHARI DALL,LAL MSOOR",3,KGS,1000,0,1000,0,N,1,N
1021,"AFGHANI CHICKEN BIRYANI",2,KGS,1755,555,1200,0,Y,1,Y
1022,"AFGHANI QEEMA KARAHI",3,KGS,2650,1750,900,0,Y,1,Y
1023,"THREAD CHICKEN CHESS",5,KGS,1460,760,700,0,Y,11,Y
1024,"CHICKEN LEMON BITES",5,KGS,1450,750,700,0,Y,11,Y
1025,"OKRA FRIED",5,KGS,1000,0,1000,0,N,11,N
1026,"CHICKEN GULNABI BOTI",4,KGS,1280,780,500,0,Y,1,Y
1027,BROWNIE,7,PCS,80,0,80,0,N,6,N
1028,"KHATRI BIRYANI BEEF",2,KGS,3000,1500,1500,0,Y,1,Y
1029,"CHICKEN KHATRI BIRYANI",2,KGS,2025,525,1500,0,Y,1,Y
1030,"TANG SHARBAT",15,PAR,120,0,120,0,N,1,Y
1031,"HOT GARLIC CHICKEN",3,KGS,1805,905,900,0,Y,1,Y
1032,"NAMKEN GOSHT MUTTON",3,KGS,3500,2600,900,0,Y,1,Y
1033,"ACHARI ALOO TARKARI",3,KGS,0,0,0,0,N,1,N
1034,"SHAHI PARCHA KABAB",5,KGS,2350,1750,600,0,Y,1,Y
1035,"BEEF KHATRI BIRYANI BOX SMALL",2,PCS,450,0,450,0,N,1,N
1036,"CHICKEN KHATRI BIRYANI BOX SMALL",2,PCS,320,0,320,0,N,1,N
1037,"SINGAPURIAN BOX LARG",2,PCS,900,0,900,0,N,1,N
1038,"ACHARI CHICKEN CURRY",3,KGS,1905,1005,900,0,Y,1,Y
1039,"LUCKNOW GALAWATI BOTI KABAB",4,KGS,2350,1750,600,0,Y,1,Y
1040,"MANGOLIAN STRIPS",5,KGS,1900,1100,800,0,Y,6,Y
1041,"CHICKEN STEAK",5,KGS,2175,775,1400,0,Y,6,Y
1042,"CHICKEN HARA MASALA",4,,1615,615,1000,0,N,1,N
1043,"CHULLO KABAB",4,,1800,1000,800,0,N,3,N
1044,"CHAPLI KABAB CHICKEN",5,KGS,1500,900,600,0,Y,4,Y
1045,"FISH SAJJI",5,KGS,800,0,800,0,Y,23,Y
1046,"MUTTON KHATRI BIRYANI",2,,4500,3000,1500,0,Y,1,Y
1047,"BIRYANI CH MALAI BOTI",2,KGS,2250,750,1500,0,Y,1,Y
1048,"BEEF KHATRI MATKA BIRYANI",2,KG,4000,1500,2500,0,Y,1,Y
1049,"HYDARABADI BEEF PULAO",2,KG,2850,1450,1400,0,Y,1,Y
1050,"HYDARABADI CHICKEN PULAOW",2,KG,2200,800,1400,0,Y,1,Y
1051,"BEEF CHUNGAIZI PULAOW",2,KG,2900,1500,1400,0,Y,1,Y
1052,"CHICKEN CHUNGAIZI PULAOW",2,,1940,540,1400,0,Y,1,Y
1053,"HANDI KABAB",4,1,1750,550,1200,0,Y,3,Y
1054,"DALL BHARA PARATHA",6,KGS,700,0,700,0,N,1,N
1055,"CHOCKBAR LIVE COUNTER",7,P/H,180,0,180,0,N,7,Y
