item_id,name,unit,rate,category_id
1,"CHICKEN (REGULAR)",KGS,775,34
2,MUTTON,KGS,2400,1
3,"R MILK",KGS,745,1
4,"BEEF (WITH BONE)",KGS,1450,1
5,"FISH PACKET",KGS,500,1
6,PRAWN-LARGE,KGS,0,1
7,BATAIR,NOS,0,1
8,RICE,KGS,0,5
9,TOMATO,KGS,0,1
10,"POTATO (P)",KGS,0,1
11,"ONION (DRY)",KGS,0,1
12,ADRAK,KGS,0,1
13,"LARGE GREEN CHILLIES",KGS,0,1
14,PODINA,NOS,0,1
15,"SHIMLA MIRCH",KGS,0,1
16,"DHANYA (GREEN)",NOS,0,1
17,CHOQANDAR,KGS,0,1
18,KHEERA,KGS,0,1
19,MOLI,KGS,0,1
20,GAJAR,KGS,0,1
21,"SALAD PATTA",KGS,0,1
22,"LEMON POWDER",PK,0,1
23,BANGOBI,KGS,0,1
24,"PIYAZ (GREEN)",KGS,0,1
25,"PHOOL GOBBI",KGS,0,1
26,SHALGAM,KGS,0,1
27,PALAK,KGS,0,1
28,LOWKI,KGS,0,1
29,"SMALL GREEN CHILLIES",KGS,0,1
30,"PAKKA PAPITA",KGS,0,1
31,MATAR,KGS,0,1
32,BEGAN,KGS,0,1
33,LASSAN,KGS,0,1
34,CHIKO,KGS,0,1
35,KHARBUZA,KGS,0,1
36,BANANA,DOZEN,0,1
37,MANGO,KGS,0,1
38,APPLE,KGS,0,1
39,"AALOO BUKHARA (BIRYANI)",KGS,0,3
40,"COCKTAIL 3-KGS",PK,860,1
41,ACHAR,PKT,0,3
42,"AJWAIN POWDER",KGS,0,3
43,"AKHROT GREE",KGS,780,1
44,"ALUMUNIUM FOIL",NOS,135,1
45,"AALOO TARKARI",KGS,0,1
46,"ANAR DANA",KGS,0,3
47,ARAROT,KGS,0,1
48,ARWI,KGS,0,1
49,"AATA (ASHRAFI)",KGS,0,1
50,"FINE AATA",KG,0,1
51,BADAM,KGS,0,1
52,"BIHARI KABAB MASALA",NOS,0,3
53,"BAKEING POWDER",KGS,0,1
54,"ELECTRONIC SCALE",NOS,0,1
55,"BEEF (BONELESS)",KGS,1750,1
56,"BEEF BIHAARI BOTI",KGS,100,1
57,"BEET ROOT",KGS,0,1
58,BESAN,KGS,0,1
59,"BIHARI KABAB",KGS,120,1
60,"BIRYANI MASALA (KGS)",KGS,1300,3
61,"KALI MIRCH POWDER",KGS,600,1
62,"KALI MIRCH SABUT",KGS,550,3
63,KAKRI,KGS,0,1
64,BRINGAL,KGS,0,1
65,"CASH MEMO BOOKS",NOS,0,1
66,"KALA CHANA",KGS,0,1
67,"CHANA KABLI",KGS,0,1
68,"CHANA TARKARI",KGS,0,1
69,"CHANDI WARQ",NOS,0,1
70,CHAPATI,NOS,7,32
71,"CHAR MAGHAZ",KGS,0,1
72,"CHAT MASALA",KGS,1.21,3
73,"CHICKEN DRUM STICK",KGS,0,34
74,"CHICKEN (BONELESS)",KGS,775,34
75,"CHICKEN (GOLDEN PIECE)",KGS,0,34
76,"CHICKEN BIHARI BOTI",KGS,80,34
77,"CHICKEN MALAI BOTI",KGS,130,34
78,"CHICKEN STICK",KGS,0,34
79,"CHICKEN TANDOORI MASALA",NOS,0,1
80,"CHICKEN TIKKA (WHOLE)",KGS,0,34
81,"RED CHILLIES (MARWARI)",KGS,0,3
82,"RED CHILLIES (CUTTER)",KGS,0,3
83,CHILLIES,KGS,0,3
84,"RED CHILLIES (POWDER)",KGS,0,3
85,"CHINA SALT /AJEENO MUTO",KGS,0,3
86,"CHUTKI POWDER",KGS,0,3
87,"CLEANING MATERIAL",NOS,0,1
88,"COCONUT POWDER",KGS,0,1
89,COFFEE,BT,0,1
90,"PRINTER PAPERS",NOS,0,1
91,"COPEX POWDER",NOS,0,1
92,"CORN FLOUR (RAFHAN)",KGS,0,1
93,"RAW MATERIAL",KGS,120,1
94,"CUSTARD POWDER",PCS,265,1
95,"DAAL CHANA",KGS,75,1
96,"DAAL MASOR",KGS,110,1
97,"DAAL MONG",KGS,135,1
98,"DAAR CHENI",KGS,180.17,3
99,"DAKNI MIRCH /WHITE PAPER",KGS,1025.7,3
101,"ASLI DESSI GHEE",KGS,540,1
103,"DHANYA POWDER",KGS,160,1
104,"DHANYA (SABUT)",KGS,130,1
105,"ELAICHI (LARGE)",KGS,0,3
106,"ELAICHI (SMALL)",KGS,1050,3
107,"ZARDA ESSENCE",BOTT,290,1
108,"ESTIMATE BOOK",PCS,0,1
109,"ESTIMATE PADS (SMALL)",PCS,50,1
110,"OIL KANASTAR 18 LTR",TIN,2200,1
111,"PLASTIC BALTI",PCS,225,1
112,"FRUIT BOWL",NOS,58.33,1
113,"GARAM MASALA POWDER",NOS,82,3
114,"ESPRESSO COFFEE (PURCHASE)",CUPS,18,1
115,GHEE,CANE,2380,1
116,"DISPOSIBLE TEA GLASS",PCS,2,1
117,"GOLA KABAB",KGS,270,1
118,GURH,KGS,70,1
119,"CHATNI (GREEN)",KGS,0,1
120,"HALDI POWDER",KGS,160,3
121,"ICE CREAM SCICILIAN",LITER,165,1
122,"ROSTEDE ALMOND ICE CREAM",NOS,160,1
123,IMLI,KGS,86,3
124,"JHARO (GROOM)",PCS,50,1
125,"JAIFAL & JAWATRI",KGS,2350,3
126,"JELLY POWDER",PK,283.75,1
127,PRAWN-MEDIUM,KGS,475,1
128,JUNA,NOS,11,1
129,"LOBIA (WHITE)",KGS,146,1
130,KAJOO,KGS,1750,1
131,KALONGI,KGS,190,1
132,"KETCHUP (EMPTY BOTTLE)",NOS,35,1
133,"SADA KEWRA",BOTT,20,1
134,KHOBANI,KGS,240,1
135,"KHOYA LASSA",KGS,360,1
136,"KHOYA DANA",KGS,750,3
137,KISHMISH,KGS,260,1
138,"QULCHA - KGS",KGS,440,1
139,"QULCHA PCS",NO,22,1
140,LONG,KGS,1300.72,3
141,MEDA,BAG,2115,1
142,"MEETHA SODA",KGS,40,1
143,"METHI DANA",KGS,10,3
144,"CHICKEN (CHARGHA WHOLE)",KGS,0,34
145,"BUTTER BIG 500-G",NOS,207,1
146,"MUTTON PAYE",DZN,0,1
147,PAN,PCS,5.5,1
148,"VIP PAN",KGS,8,1
149,"PAYA MASALA",NOS,50,3
150,PHALI,KGS,45,1
151,PINEAPPLE,TIN,75,1
152,PISTA,KGS,1490,1
153,"PODINA POWDER",KGS,0,3
154,"QASOORI METHI",KGS,100,3
155,"CRUNCH KULFI (FALOODA)",PCS,23,1
156,"RAISHMI KABAB",KGS,120,1
157,RASMALAI,PCS,35,1
160,"ROOH AFZA",BOTT,252.5,1
161,"ROTI MILKY (KGS) (M)",KGS,210,1
162,"BATAIR SPL WHITE KARAHI (F)",PLATE,850,16
163,SONF,KGS,180,1
164,"SEEKH KABAB",KGS,100,1
166,SOYA,NOS,5,1
167,SUGAR,BAG,2560,1
168,SUJI,KGS,40,1
169,"SUJI HALWA",KGS,100,1
171,"TAIZ PATA (PATTAY)",KGS,220,3
172,"TANDOOR LIVE",NOS,5500,1
173,"TAPAL TEA",NOS,50,1
174,"TATRI (CITRIC ACID)",KGS,160,3
175,TAURI,KGS,25,1
176,TINDA,KGS,52,1
177,"VINEGAR (5-LTR)",CANE,110,1
178,"VISITING CARDS",PCS,2,1
179,"WATER MELON",KGS,0,1
180,WHEAT,KGS,38,1
181,"ZAFRAN (SAFFRON)",NOS,80,3
182,"ZARDA/ZAFRANI RANG",KGS,136.4,3
183,"ZEERA (BLACK)",KGS,414.3,3
184,"ZEERA (WHITE)",KGS,560,3
185,"ZEERA POWDER (PKT)",NOS,50,3
186,MILK,KGS,200,1
187,CURD.,KG,280,1
188,"CHICKEN POWDER",NOS,50,1
189,ENVALOPES,PCS,2,1
190,SPOON,NOS,75,2
191,TURAI,KGS,20,1
192,SARDA,KGS,0,1
193,"DATE (KHAJOR)",KGS,271,1
194,STATIONARY,NOS,0,1
195,"MENU CARD",PCS,0,2
196,"ELECTRIC BOARD",KGS,200,1
199,"FRESH CREAM (1000-ML)",NOS,310,1
200,"PLAIN SHOPPER",KGS,450,2
201,"CHAPLI KABAB",KGS,360,1
202,"SALT LAHORI",PK,18,3
203,EGG,NOS,6.5,4
204,"SOYA SAUCE (5.5 KG)",NOS,440,1
205,"GARLIC FRIED",KG,490,1
206,"TOMATO KETCHUP",PK,535,1
207,"KARAHI MASALA",PK,372,3
208,"TOMATO (GREEN)",KGS,50,1
209,"ORANGE (MOSME)",DZN,110,1
210,"TAWLAK STORE",KGS,0,1
211,STRAWBERRY,NOS,120,1
212,"STOW & CYLENDER SET",NOS,1,1
213,"HARD DRIVE",NOS,7200,1
214,"WONTON (SAMOSA)",NOS,6,4
215,"SALAD/ SPRING ROLL",NOS,640,4
216,"AALO BUKHARA (FRESH)",KGS,350,1
217,"FISH TIKKA",KGS,0,1
218,"BEEF SHASHLICK",KGS,0,1
219,"TUNER REFIL",NOS,250,1
220,"MUTTON QEEMA",KGS,0,1
221,"MUTTON CHANP",KGS,0,1
222,KALEJI,NOS,100,1
223,"HD MIX",KGS,215,1
224,"ENERGY SAVER 400W",NOS,950,1
225,"RAWAY MEDAY KA PARATHA",NOS,0,10
226,ALOCHA,CTN,0,1
227,"ANGOOR (GRAPES)",KGS,100,1
228,"BUKDA (FISH)",NOS,400,1
229,AROO,KGS,130,1
230,"ADJESMENT A/C",CTN,0,1
231,"ESTIMATE PADS (LARGE)",PCS,80,1
232,"SHEERMAL PARSAL SHOPER",PCS,0,1
233,"GULAB JAMAN",KGS,140,1
234,"COUNTER PRINT STEEL PLATE",NOS,140,1
235,"KALA NAMAK",NOS,40,1
236,"PRINTER DRUM",NOS,450,1
237,ANAR,KGS,240,1
238,"GARLIC POWDER ( PACK)",NOS,610,1
240,"QENCHI (BIG)",NOS,500,1
243,"TEA COLOR",KGS,250,1
244,"BOUNTY ICE CREAM",PACK,1000,1
245,"MURGH CHOLAY MASALA",NOS,45,1
246,SWITCH,NOS,25,1
248,"CORDS & CABLES",NOS,100,1
249,"SWEET CORN",KGS,120,1
250,"DAHI PHULQI",KGS,200,1
251,PAPAY,PKT,40,1
252,"PAKORA MIX",KGS,232,1
253,"PANASONIC MACHINE (F.P.S)",NOS,22000,1
254,"RABRI (PLAIN)",KGS,380,4
255,"RABRI (PISTA)",KGS.,0,4
256,"SAMOSA QEEMA",NOS,6,4
257,JALEBI,KGS,330,4
258,PURI,KGS,8,1
259,"SAMOSA ALOO",NOS,10,4
260,"KACHORI (TERKARI)",PCS,8,1
261,"FISH- SAARAM FINGER",KGS,370,1
262,"COCKTAIL 800G",TIN,113,1
263,ROLL,DZN,208.6,1
264,"CHUM CHUM",KGS,140,1
265,"ATTENDANCE CARDS",PCS,2.5,1
266,"VANILLA ESSENCE",NOS,60,1
267,"MOUSE PAD",NOS,140,1
268,"BAIT SAMOSA",PCS,0,4
269,"PINEAPPLE RUSGULLA",PCS,0,1
270,"T-SHIRT (NAVY POLO)",NOS,200,1
271,"COFFEE ICE CREAM",PCS,1000,1
272,"BALL PEN",PCS,7,4
274,"CHICKEN BIRYANI (SMALL)",PLATE,120,22
275,"CHICKEN BIRYANI (LARGE)",PLATE,220,22
276,"CHICKEN BIRYANI",PLATE,250,22
277,"CHICKEN BIRYANI F/P BUCKET 5 KG",BUCKET,90,22
278,"CHICKEN BIRYANI F/P BUCKET 2.5 KG",BUCKET,70,22
282,"CHICKEN BROAST (Q)",PLATE,150,28
284,"CHICKEN BROAST (F)",PLATE,600,28
285,"CHICKEN BURGER",PLATE,100,28
286,"CHICKEN CHEESE BURGER",PLATE,120,28
287,"BEEF BURGER",PLATE,0,28
288,"BEEF CHEESE BURGER",PLATE,0,28
289,"ZINGER BURGER",PLATE,140,28
290,"CLUB SANDWICH",PLATE,120,28
291,"CHICKEN SANDWICH",PLATE,110,28
293,"FRENCH FRIES",PLATE,60,28
294,"SINGAPUREAN RICE KOFTI (SMALL)",PLATE,0,22
295,"FISH FINGER MS 250GM",PLATE,150,33
296,BUN,NOS,15,28
297,"ZINGER CHEESE BURGER",NOS,150,28
298,"CHICKEN AFGHANI BOTI",PLATE,0,8
299,DELIVERY,P-D,0,8
301,"SINGAPUREAN RICE FAMILY PACK (LARGE)",PLATE,0,22
302,"CHICKEN CORN SOUP",NOS,80,14
303,"BEEF BURGER P/ST",PLATE,0,28
307,"CHICKEN BOTI (BONE LESS)",PLATE,0,8
309,"CHICKEN FRIED RICE",PLATE,0,14
310,"CHICKEN SHASHILCK",PLATE,220,14
311,"CH SHASHILK WITH RICE",PLATE,0,14
313,"CHICKEN CHOWMIN",PLATE,240,14
314,"CHICKEN MANCHORIN",PLATE,250,14
315,"BBQ SANDWICH",PLATE,160,28
316,"FISH GRILL BBQ(250 GM)",PLATE,0,8
317,SALAD,PLATE,40,11
318,"SINGAPUREAN RICE KOFTI (LARGE)",PLATE,0,12
319,CUSTRUD,PLATE,50,11
320,"ICE CREAM 1 LTR",NOS,240,30
321,"CHICKEN MALAI TIKKA",PLATE,0,8
323,"CHICKEN PEACE",PEACE,0,8
324,"FISH TIKKA (250GM)",PLATE,0,8
325,"PARATHA PURI",PLATE,35,8
326,RAITA,PLATE,40,11
327,BAVERAGES,NOS,25,12
328,"MINRAL WATER LARGE",NOS,252,12
329,"SOFT DRINK NR",NOS,30,12
330,"MINRAL WATER SMALL",NOS,25,12
332,"SOFT DRINK 2.25 LTR",NOS,100,12
333,"SOFT DRINK 1.5 LTR",NOS,80,12
334,"ROTI (REGULAR)",PLATE,9,10
336,"CHICKEN MALAI KOFTA (DOUBLE)",PLATE,120,16
337,"ROGHNI NAN",NOS,24,10
338,"LAHORI NAN (TIL WALA)",PLATE,12,10
339,SHEERMAL,NOS,28,10
341,"CH BAHARI TIKKA BOTI",PLATE,0,8
342,"BASANI PARATHA",PLATE,30,10
343,"HOT SPOT ZINGER SANDWICH",PLATE,180,28
344,"CH MAYO CHEESE ROLL",NOS,90,29
345,"EXTRA SOUCE",PLATE,0,8
347,"SINGAPUREAN RICE KOFTI FAMILY PACK (LARGE)",PLATE,0,11
348,"AL-HAAJ AKH SPL ICE FALUDA",NOS,100,30
349,"RASHIAN SALAD",PLATE,90,11
350,"CH MALAI BOTI BONELESS",PLATE,0,8
354,"DEAL 1",PLATE,210,13
355,"DEAL 2",PLATE,230,13
356,"DEAL 3",PLATE,460,13
357,"DEAL 4",PLATE,560,13
358,"DEAL 5",PLATE,640,13
359,"DEAL 6",PLATE,400,13
360,"DEAL 7",PLATE,1040,13
361,"DEAL 8",PLATE,1160,13
362,"DEAL 9",PLATE,310,13
363,"DEAL 10",PLATE,390,13
364,"DEAL 11",PLATE,500,13
365,"DEAL 12",PLATE,410,13
366,"DEAL 13",PLATE,850,13
367,"DEAL 14",PLATE,120,13
368,"DEAL 15",PLATE,170,13
369,"DEAL 16",PLATE,350,13
370,"DEAL 17",PLATE,480,13
371,"DEAL 18",PLATE,950,13
372,"DEAL 19",PLATE,300,13
373,"DEAL 20",PLATE,180,13
374,"DEAL 21",PLATE,160,13
375,"DEAL 22",PLATE,120,13
379,"CH HOT & SOUR SOUP",PLATE,90,14
380,"LADDO MOTICHOOR",KG,0,1
381,"BEEF BOTI CHATNI ROLL",NOS,0,29
387,"CH BEHARI CHATNI ROLL",NOS,90,29
390,"CH CHATNI ROLL",NOS,80,29
396,"CH MALAI GM ROLL",NOS,100,29
398,"BLACK COFFEE",CUP,60,19
403,"CH SPICY MAYO ROLL",NOS,100,29
404,"ESPRESSO COFFEE",CUP,70,19
405,"RABBAR BAND",KGS,520,2
406,"TOOTH PICK (PKT)",PKT,50,1
407,"BUTTER PAPER",NOS,1050,1
408,"MC-25 (SALAN BOWL)",NOS,3.5,1
409,"ROUGH PAD (NOS)",NOS,35,1
410,"MEHFOOZ BREAD",PCS,132,6
411,SANDWICH,PCS,0,6
412,"CHILLI GARLIC",PK,925,1
413,"CHICKEN PANJA",DZN,0,1
414,"BURGER BUN",PCS,32,6
415,"POTATO (FF)",KGS,35,4
416,"KARI PATTA",NOS,5,1
417,"T-SHIRT (LEVIS POLO)",NOS,325,1
418,"CHICKEN (COUNTER)",KGS,0,34
419,"LAL HARA MURABBA",KGS,130,1
420,"AIR FILTER",NOS,150,1
421,"SAFI IN KGS",KGS,85,1
422,"STICKER TAPE",PCS,60,1
423,"ZEERA KALI MIRCH POWDER",KGS,380,3
424,"ZAFRANI KEWRA",BOTT,25,1
425,"CH KABAB GRILL MASALA KARAHI (F)",PLATE,650,16
426,"PHENTO (MIXER)",PCS,0,1
427,WIPER,PCS,220,1
428,"PODAY KE MITTI",NOS,1100,1
429,"CHANA POWDER",KGS,107.368,1
430,"SALAD BAR COLD 12",NO,1800,2
431,"POWER FILTER",NOS,700,1
432,"FRY ONION (BROWN)",PACK,75,1
433,"ICE CREAM POWDER",PK,74.58,1
434,"PASTA / MECKRONI",PK,64,1
435,"PASAO TOKRI",PCS,100,1
436,"FRENCH FRIES (PURCHASE)",PCS,45,1
437,"VINEGAR (315-ML)",BOTT,38,1
438,POCHA,PCS,200,1
439,ELBOW,PCS,0,1
440,INJECTOR,PCS,200,1
441,REGISTER,PCS,45,1
442,"CARBON PAPER",PCS,2,1
443,"RICE (KHEER)",KGS,0,5
444,"KARAI TALAI",KGS,160,1
445,"DISPOSIBLE SPOON (S)",NOS,0.4,1
446,"QALA QUND",KGS,300,1
447,NULLI,KGS,0,1
448,WARAITY,KGS,120,1
449,"GRILL (BBQ)",NOS,200,1
450,"ROTI TOKRY (CHALI)",PCS,30,1
451,"SECURITY GARD CAP & BADGES",NOS,0,1
452,"UPS BATTERY",NOS,9000,1
453,"PLASTIC KI TOKRI",NOS,58.33,1
454,"UNDER WATER LIGHT",NOS,300,1
455,YEAST,KGS,505,1
456,"GARAM MASALA (NATIONAL)",NOS,77,3
457,"SMALL DHAKKAN STEEL",PCS,0,1
458,"BIG DHAKKAN STEEL",PCS,0,1
459,KARAHI,KGS,250,1
460,RAYTEE,PCS,0,1
461,"KUFGEER (2.50-FT)",PCS,250,1
462,"LAKRI KARAHI WALY",PCS,0,1
463,"CHICKEN TOKRI",PCS,0,1
464,"SHEERMAL IN KG",KG,390,1
465,"SHEERMAL IN PCS",PCS,25,1
466,"TAFTTAN IN PCS (M)",NO,25,1
467,"ROTI MILKY (PCS) (M)",NO,20,1
468,"PLAIN ROTI IN PCS",PCS,8,1
469,"MEDA IN KGS",KGS,0,1
470,"PLAIN ROTI (KGS)",KGS,42,1
471,"SURF SACHET 80-G",PCS,9.44,1
472,CASTIC,KGS,100,1
473,"AALO BUKHARY KI CHUTNI",KGS,150,1
474,"STAPLES PINS",PKT,17.5,1
475,"PRINTED SHOPPER (16 X 22) 10-KGS",PCS,0,2
476,"PRINTED SHOPPER (15 X 19) 5-KGS",PCS,0,2
477,"PRINTED SHOPPER (13 X 16) 2-KGS",PCS,0,2
478,T-SHIRT,PCS,0,1
479,CAP,PCS,100,1
480,"BAJRA (MILLET)",KGS,0,1
481,"PRINTED SHOPPER (10 X 12) 1-KG",PCS,0,2
482,"CYLENDER LPG GAS",KGS,150,1
483,"CHICKEN BIRYANI",KGS,0,1
484,"MUSTERD POWDER",NOS,35,1
485,"DEEP FREZER (PEPSI)",NOS,0,1
486,"TOOTH BRUSH",NOS,30,1
487,SABUN,NOS,9.5,1
488,"SCOTCH BRIGHT",NOS,13.33,1
489,"FISH MASALA",NOS,50,1
490,"SEEKH KABAB MASALA 100-G",NOS,50,1
491,"TIKKA MASALA DOUBLE",NOS,75,1
492,SPAGETI,PK,60,1
493,"FRESH CREAM (200-ML)",KG,64.83,1
494,"SHEZAN KETCHUP 4-KGS",CANE,308,1
495,"QORMA MASALA 50-G",NOS,50,1
496,"VIM POWDER",NOS,34,1
497,"ENGINE OIL",NOS,1230,1
498,"SALT (NATIONAL)",PK,350,1
499,"KISHMISH (0.5-KG PKT)",NOS,152.5,1
500,"SOUP SET",NOS,450,1
501,"DISPOSIBLE JUICE/FALOODA GLASS",PCS,2.6,1
502,CUP,NOS,5.25,1
503,"COLD DRINK REGULAR",NOS,446,1
504,"COLD DRINK 1.5 LTR",NOS,67,1
505,"COLD DRINK JUMBO",NOS,91.5,1
506,"CONTAINER HALF",NOS,11.25,1
507,"MINRAL WATER (SMALL)",NOS,0,1
508,"MINRAL WATER LARGE (PUR)",NOS,252,1
509,"CONTAINER FULL",NOS,12.5,1
510,"HD: SIZE (8 X 10)",KGS,200,1
511,GLASS,NOS,25,1
512,"PLASTIC (BIG)",NOS,0,1
513,"HP/DP SAUCE (5.5 KGS)",NOS,1200,1
514,"HAND GLOVES",NOS,140,1
515,"OLPER MILK PACK (1.5 LTR)",PACK,84.916,1
516,"SHEZAN KETCHUP 10-G",NOS,1.1083,1
517,"FALOODA GLASS",NOS,75,1
518,PUNNI,KGS,225,1
519,"CHAT MASALA (NATIONAL)",NOS,55,3
520,"DAAL MASH",KGS,120,1
521,"GARLIC SACHET 10-G",PCS,1.166,1
522,"KHASH KHASH",KGS,110,1
523,"AATA (LAL)",KGS,35,1
524,"KUCHARY POWDER",KGS,340,1
525,"RED CHILLIES (SABUT)",KGS,150,1
526,"STAMP PAD",NOS,30,1
527,"PADISTAL FAN 24''",NOS,3200,1
528,"BREAD CRUM",KG,280,1
529,BONDI,KGS,266.66,1
530,JAIYFAL,KGS,1000.71,1
531,"QORMA MASALA",KGS,2350,1
532,"BADYAN PHOOL",KGS,400,1
533,"SAWAINYA (COLOUR) 400-G",NOS,30,1
534,"THAAL STEEL (FOR KHEER)",NOS,95,31
535,"DHAKKAN SILVER SMALL & BIG",NOS,240,31
536,"SPOON (SALAN WALY)",NOS,225,1
537,"KUFGEER (SMALL STEEL)",NOS,0,1
538,"PIYALI STEEL (SMALL)",NOS,0,1
539,"LAKRAY K HATHORAY",NOS,0,1
540,"CHUMTA (STEEL)",NOS,80,1
541,"STEEL DORI",NOS,400,1
542,"PASAO/DORAY KA DANDA",NOS,150,1
543,"AATAY KI CHUNNE",NOS,0,1
544,"KUFGEER (BIG STEEL)",NOS,800,1
545,"(LOHA) IRON KUFGEER",NOS,0,1
546,"SMALL CHUNNY DORI WALY",NOS,0,1
547,"SILVER BHAGONAY",NOS,0,1
548,"STEEL JUG (JUICER)",NOS,200,1
549,"STEEM JALI",NOS,0,1
550,"CHULL (TANDOOR WALY)",NOS,0,1
551,"BIG STEEL TUB",NOS,0,1
552,"PLASTIC BRUSH",NOS,55,1
553,"HOT POT",NOS,500,1
554,BLADE,NOS,15,1
555,"CHURI (KNIFE)",NOS,60,1
556,"(IRON) LOHAY KE KARAHI",KGS,150,1
557,"SHOPPER RAKHNY KA FERMA",NOS,0,1
558,"MAX POWDER",NOS,45,1
559,"STICKER BOARD",NOS,0,1
560,"BBQ SAUCE (5.5 KGS)",NOS,1265,1
561,"BEEF MASALA (BBQ)",KGS,0,1
562,"CHICKEN MASALA (BBQ)",KGS,300,1
563,"BOMBAY BIRYANI MASALAH",PK,0,1
564,BULB,NOS,25,1
565,"VINEGAR- FAST FOOD (800 ML)",NOS,61,1
566,"JAIFAL & JAWATRI POWDER",KGS,2350,3
567,"CHEESE ESSENCE",BOTT,850,1
568,"CHICKEN (BROAST)",KGS,0,34
569,"CHICKEN (NECK)",KGS,100,34
570,"RAWAY MEDAY KA PARATHA",PCS,30,1
571,ICE,KGS,260,1
572,"DISPOSIBLE ICE CREAM GLASS",PCS,2,1
573,"PLASTIC PLUG",NOS,10,1
574,"WIRE CLAMP",NOS,0,1
575,"PIPE CLAMP",NOS,0,1
576,"HUCK (0.5 INCH)",NOS,0,1
577,BAND,NOS,0,1
578,"FANCY SHEET-4""",NOS,0,1
579,"GLASS BOARD",NOS,987.5,1
580,SCREW,NOS,0,1
581,"BIG BRUSH",NOS,110,1
582,"WIPER HANDILE",NOS,50,1
583,"MALMAL CLOTH",YARD,60,1
584,"GAS HUCK",NOS,0,1
585,"SALAD BAR 9 BOWL",NOS,1800,1
586,"SALAD PLATER (A ONE)",NOS,600,1
587,"RASHIAN SALAD PLATER",NOS,400,1
588,"CAKE (BIG)",NOS,120,1
589,"BEGHARAY BENGAN",KGS,125,1
590,"MIRCH KA SALAN",KGS,125,1
591,"PLASTIC BOTTLE",NOS,0,1
592,"MC-15 (RAITA/KHEER/CUSTRD BOWL)",NOS,5.25,31
593,"MC-40 (SALAN BOWL)",NOS,6.35,31
594,COAL,TON,900,1
595,SCRAPER,NOS,30,1
596,"WATER GUN",NOS,50,1
597,"DEBIT / CREDIT VOUCHERS",NOS,50,1
598,"SECURITY GARD UNIFORM",NOS,0,1
599,"PIPE- 1/2""",NOS,0,1
600,"VALVE 1/2"" INCH",NOS,0,1
601,"ELBOW 1/2"" INCH",NOS,0,1
602,"KEROSIN OIL",LTR,110,1
603,COLOUR,LTR,1760,1
604,MARKER,PCS,27.6,1
605,MUGGAN,NOS,0,1
606,SUHAGA,KGS,0,1
607,"SAGU DANA",KGS,100,1
608,CHUARA,KGS,120,1
609,"ELECTRICAL GOODS",NOS,1970,1
610,"SANITARY GOODS",NOS,0,1
611,"GENERAL ITEM",NOS,0,1
612,"KHATAEE POWDER",NOS,38,1
613,"KARAHI MASALA MURABBA JAT",NOS,0,1
614,"KARAHI GOODS",NOS,0,1
615,"CHICKEN TIKKA SENA",KGS,0,34
616,"JUICER PIYALI",NOS,200,1
617,"TALA (LOCK)",NOS,35,1
618,REGMALL,NOS,1,1
619,"BUTTER SMALL 250-G",NOS,110,1
620,"ENERGY SAVER 23W",NOS,210,1
621,"OPTICAL MOUSE",NOS,225,1
622,"CHICKEN (ORDER)",KGS,0,34
623,"DHANYA POWDER (NATIONAL)",NOS,77,3
624,"MATCH BOX",NOS,2.2,1
625,"PLUMBERING GOODS",NOS,0,1
626,"HARDWEAR GOODS",NOS,0,1
627,"PARSAL BOX- QTR",NOS,5,1
628,"SEARCH LIGHT",NOS,0,1
629,"SMALL KNIFE",NOS,100,1
630,"LARGE KNIFE",NOS,200,1
631,"KITCHEN GOODS",NOS,0,1
632,TILES,NOS,0,1
633,"TILE BORDER",NOS,0,1
634,"MUTTON RAAN",KGS,0,1
635,"MUTTON DIL",PCS,0,1
636,"MUTTON GURDAY",PCS,0,1
637,"T.P (32 A)",NOS,400,1
638,LEMAN,KGS,90,1
639,"PISTA ICE CREAM",PCS,80,30
641,"CHICKEN TIKKA (CHEST)",NOS,0,8
643,"CHICKEN CHEESE BROAST (Q)",NOS,160,28
645,"CHICHEN SPL KARAHI (H)",PLATE,350,16
646,"SPL CH WHITE KARAHI (H)",PLATE,400,16
647,"CHICKEN KTAKAT KARAHI (H)",PLATE,500,16
648,"CHICKEN SPL MAKHAN HANDI (H)",PLATE,450,16
649,"CHICKEN GARLIC MYO ROLL",NOS,90,29
650,"CHICKEN CRISPY MYO ROLL",NOS,100,29
651,"CHICKEN MALAI CHATNI ROLL",NOS,100,29
652,"BEEF KABAB ROLL",NOS,0,29
653,"CHOCOLATE CHIPS ICE CREAM",NOS,80,30
654,"PINEAPPLE ICE CREAM",NOS,80,30
655,"KOLFA ICE CREAM",NOS,80,30
656,"MUTTON KATAKAT HANDI (H)",PLATE,0,16
657,"MUTTON SPL KARAHI (F)",PLATE,0,16
658,HALEEM,PLATE,200,16
660,"BEEF BOTI ROLL",NOS,0,29
661,"PARATHA PURI",NOS,35,10
662,"STRAWBERRY ICE CREAM",NOS,80,30
663,"MANGO ICE CREAM",NOS,80,30
668,"CH SPL KARAHI (F)",PLATE,650,16
669,"MUTTON SPL KARAHI (H)",PLATE,0,16
670,"ZINGER BURGER MAYO GARLIC",PLATE,160,28
671,"CH PESHAWRI KARAHI (H)",PLATE,360,16
672,"CH GREEN HANDI (H)",PLATE,400,16
673,"CH MUGHLAI HANDI (H)",PLATE,450,16
674,"BEEF GARLIC MAYO ROLL",NOS,0,29
675,"CHICKEN MALAI CRISPY ROLL",NOS,110,29
676,"BEEF MAYO CHEESE ROLL",NOS,0,29
677,"BEEF BEHARI MAYO GARLIC ROLL",NOS,0,29
678,"CH SPL HANDI (F)",PLATE,750,16
679,"MUTTON ARBI KARAHI (H)",PLATE,0,16
680,"CHICKEN JUMBO BURGER",PLATE,150,28
681,"CH WHITE KARAHI DRY (H)",PLATE,380,16
682,"PRAWN HANDI (H)",PLATE,500,16
683,"CHICKEN KTAKAT HANDI (H)",PLATE,450,16
684,"CRUNCH ICE CREAM",NOS,80,30
686,"SPL CH WHITE KARAHI (F)",PLATE,750,16
687,"CH CHASKA WHITE KARAHI (H)",PLATE,380,16
688,"CH GREEN KARAHI (H)",PLATE,400,16
689,"CH BRAIN KARAHI (H)",PLATE,450,16
690,"CH GRILL KABAB KRI (H)",PLATE,350,16
691,"CHICKEN CAPITAL KARAHI (H)",PLATE,400,16
692,"CH MLAI BEHARI CHUTNI ROLL",NOS,100,29
693,"BEEF BEHARI KABAB ROLL",NOS,0,29
694,"VANILLA ICE CREAM",NOS,80,30
695,"MUTTON ACHAR KARAHI (H)",PLATE,0,16
696,"TROTI FRUITI ICE CREAM",NOS,80,30
697,"CH MALAI TIKKA (CHEST)",NOS,0,8
698,"CH HARA MASALA KARAHI (H)",PLATE,350,16
699,"CHICKEN CRISPY ROLL",NOS,90,29
701,"MUTTON SPL HANDI (H)",PLATE,0,16
703,"CH MASALA HANDI (F)",PLATE,750,16
704,"SPL MUTTON WHITE KARAHI (H)",PLATE,0,16
706,"SINGAPUREAN RICE (SMALL)",PLATE,0,22
707,"SINGAPUREAN RICE FAMILY PACK (SMALL)",PLATE,0,22
708,"SINGAPUREAN RICE (LARGE)",PLATE,0,22
710,"CH SHAHI HANDI (H)",PLATE,475,16
711,"MTN BROWN KARAHI -G/B (H)",PLATE,675,16
713,"CHICKEN ARBI KARAHI (H)",PLATE,400,16
714,"BLUEBERRY ICE CREAM",NOS,80,30
715,"CHICKEN (BBQ)",KGS,0,34
716,"CHICKEN KALEGI POTA",KGS,0,34
717,"CHICKEN (STAFF)",KGS,0,34
718,"PRESSURE COOKER",NOS,100,1
719,"CHICKEN WHOLE (LIVE KARAHI)",KGS,0,34
720,"CHICKEN SABZI SAMOSA",NOS,0,1
721,"MUGGA LARGE",NOS,400,1
722,"CHICKEN WINGS",KGS,0,34
723,BATTERY,NOS,3500,1
724,"MINERAL WATER (LARGE)",PCS,45,16
725,"CHICKEN BROAST MAYO (H)",NOS,320,28
726,"CH BROWN KARAHI -G/B (H)",PLATE,400,16
727,"CHICKEN CHANA HANDI (H)",PLATE,375,16
728,"CH MALAI MAYO CHEESE ROLL",NOS,100,29
729,"CH MALAI CRISPY CHEESE ROLL",NOS,110,29
730,SOLUTION,NOS,25,1
731,"COLOR BRUSH",NOS,0,1
732,"HARDWARE & ELECTRIC GOODS",NOS,0,1
733,MUG,NOS,320,1
734,"DUST BIN",NOS,42,1
735,"CHICKEN (FOR HALEEM)",KGS,0,34
736,"JO (BARLEY)",KGS,55,1
737,"KALI MASH",KGS,0,1
738,"GOODS FOR COLOUR",NOS,0,1
739,"JUICE/FALODA STRAW",KGS,230,1
740,"FALOODA MACHINE",NOS,0,1
741,MUNAQQA,KGS,0,1
742,"TUK MALANGA",KGS,0,1
743,"STEEL KNIFE",NOS,0,1
744,"SAUCE PAN",NOS,0,1
745,"JUICER MACHINE",NOS,5700,1
746,"SMALL BHAGONA",NOS,0,1
747,"STEEL BALTI",NOS,700,1
748,"SYRUP CHOCOLATE STRAWBARY",BOTTLE,225,1
749,"TABASKO SAUCE",NOS,140,1
750,"OFFICE FILE",NOS,20,1
751,CALCULATER,NOS,500,1
752,"FOOD COLOR",BOX,88,1
753,COMAIL,BOX,0,1
754,"APPLE JAM",BOX,0,1
755,"PLASTIC PLATE",NOS,150,1
756,"CHICKEN BONELESS (BBQ)",KGS,0,34
757,"CHICKEN BONELESS (FAST FOOD)",KGS,0,34
758,"VEAL (MUQADDAM)",KGS,350,1
759,"BEEF QEEMA",KGS,0,1
760,"BIRYANI BOX LARGE",NOS,5,2
761,"WATER BANK",NOS,20,1
762,METHI,NOS,100,4
763,"SMALL VALVE",NOS,280,1
764,CLIP,NOS,140,1
765,NOZAL,NOS,100,1
766,MARBAL,NOS,0,1
767,"MUTTON (KARAHI)",KGS,0,1
768,"MUTTON MAGHAZ",PCS,0,1
769,"VINEGAR (615-ML)",PCS,38,1
770,"HEERA (FISH)",KGS,450,15
771,"MIX CHICKEN (STAFF FOOD)",KGS,0,34
772,"CHICKEN RESHEMI KARAHI (H)",PLATE,425,16
773,"CH LAHORI KARAHI (H)",PLATE,380,16
774,"CH LALA JHINGA HANDI (H)",PLATE,550,16
776,"ALUMINIUM BOX (F-2) 500-G",NOS,7.2,1
777,"ALUMINIUM BOX (F-3) 1-KG",NOS,9.4,1
778,"ALUMINIUM BOX (F-4) 2 KG",NOS,20,1
779,"CHEESE IN KGS",KGS,903,1
780,"PIN PLUG",NOS,20,1
781,"STEEL JALI",NOS,0,1
782,"GLASS LOCK",NOS,0,1
783,"EXTRA CHICKEN",KGS,0,34
784,"WAFARE BISCUT",NOS,50,1
785,"GRAPE FRUITE",NOS,0,1
786,CHERRY,KG,480,1
787,"OREGANO (PKT)",NOS,38,1
788,"PEPRICA POWDER",PKT,38,1
789,CHULNI,NOS,100,1
790,"PLASTIC JAAR SET",NOS,0,1
791,"STEEL BOWL",NOS,300,1
792,MUGGA,NOS,225,1
793,"SMALL STEEL BALTI",NOS,600,1
794,"LARGE STEEL BALTI",NOS,700,1
795,"WATER COOLER",NOS,0,1
796,"SMALL STEEL BOWL",NOS,0,1
797,"FRY SPOON",NOS,150,1
798,"PLASTIC (JAAR)",NOS,110,1
799,"AL-HAAJ SPL ICE CREAM",NOS,100,30
802,"CURRENCY CHECKER LIGHT",NOS,0,1
803,"MINRAL WATER 19 LTR",LITERS,80,1
804,"ORANGE (KENO)",NOS,0,1
805,"PLASTIC ICE BOX",NOS,0,1
806,"PLASTIC CUP",NOS,21.67,1
807,"LAKRI DASTA",NOS,0,1
808,"AALO CUTTER",NOS,1200,1
809,"CUTTING BOARD",NOS,350,1
810,"LARGE VALVE",NOS,0,1
811,"BALOR RODE",NOS,0,1
812,"SUNNY PLAST CHOT PATTI",NOS,2,1
813,KEYBOARD,NOS,400,1
814,"CHICKEN MALAI KOFTA (SINGLE)",PLATE,80,16
815,"CH VEGETABLE HANDI (H)",PLATE,375,16
816,"BANANA SHAKE",NOS,60,30
817,"PINEAPPLE SHAKE",NOS,100,30
818,"FRESH LIME 7UP",NOS,50,12
819,"BATAIR SPL KARAHI (H)",PLATE,450,16
820,"CH GREEN HANDI (F)",PLATE,750,16
821,"VANILLA SHAKE",NOS,70,30
825,"COCKTAIL SHAKE",NOS,120,30
826,"CADBURY SHAKE",NOS,120,30
827,"BOUNTY SHAKE",NOS,120,30
828,"BLUEBERRY SHAKE",NOS,120,30
831,"MANGO SHAKE",NOS,90,30
833,"STRAWBERRY SHAKE",NOS,100,30
834,"PISACHOO SHAKE",NOS,120,30
836,"CHICKEN CHEESE BROAST (H)",NOS,320,28
837,"CHICKEN CHEESE BROAST (F)",NOS,640,28
853,"CH KALY HARY MAIN KARAHI (H)",PLATE,380,16
854,"CH MASALA HANDI (H)",PLATE,400,16
855,TISSUE,PCS,0.7225,1
856,"HALEEM PLATE",PLATE,80,16
858,"PRINTED SHOPPER (14 X 17)",NOS,0,2
862,"BEEF BEHARI CHATNI ROLL",NOS,0,29
863,"CH MUGHLAI HANDI (F)",PLATE,850,16
864,"CH GREEN KARAHI (F)",PLATE,750,16
865,"STOW (CHOLHA)",NOS,350,1
866,"INSECT KILLER",NOS,590,1
867,"CONNECTION BOX",NOS,170,1
868,"EXTANSION WIRE",NOS,200,1
869,CHUTKHANI,NOS,20,1
870,"ROLL BUN",NOS,10,1
871,TAI,KGS,180,1
872,"OREGANO (KGS)",KGS,360,1
873,"WHITE TIL",KGS,230,1
874,JAWATRI,KGS,1750.1,3
878,"CH MALAI CRISPY MAYO ROLL",NOS,110,29
879,"CH MALAI HOT N JUICY ROLL",NOS,110,29
882,"BEEF GREEN CHILLI MAYO ROLL",NOS,0,29
888,"MIX PAPER BAGS",NOS,0.6,1
889,"BEEF BONELESS (COUNTER)",KGS,480,1
890,"BEEF WITH BONE (ORDER)",KGS,0,1
891,"HALDI POWDER (PKT)",NOS,50,1
892,"QEEMA (STAFF)",KGS,280,1
894,"CH MUGHLAI KARAHI (H)",PLATE,425,16
895,"CH PESHAWRI KARAHI (F)",PLATE,680,16
896,"MTN PESHAWRI KARAHI (H)",PLATE,550,16
897,"OIL FILTER",NOS,130,1
898,T.M.OIL,LTR,575,1
899,"A/C FILTER",NOS,1900,1
900,"BURNER 40-NOZAL",NOS,1300,1
902,"COLD DRINK STRING",PCS,30,16
903,"COLD DRINK JUMBO",PCS,120,16
904,PIPE,FT,25,1
905,"GARLIC CHILLI (POUCH)",KGS,610,1
906,BLUEBERRY,NOS,350,1
907,"TELEPHONE WIRE",NOS,0,1
908,"CHICKEN BONELESS (KARAHI)",KGS,0,34
909,"SOFTWARE CD",NOS,30,1
910,"VANILLA ICE CREAM",PACK,1000,1
911,"KULFA NUTS ICE CREAM",PACK,1000,1
912,"CHCOLATE CHIP ICE CREAM",PACK,1000,1
913,"STRAWBERRY RIPPLE ICE CREAM",PACK,1000,1
914,"BLUEBERRY ICE CREAM",PACK,1000,1
915,"CHOCOLATE CHIPS",PACK,1000,1
917,"CHICKEN NIHARI",PLATE,700,1
922,"COLD DRINK 500 ML",PCS,45,16
924,"CREAM COCKTALL CUP",CUP,65,16
925,"COLD DRINK 1.5 LTR",PCS,85,16
926,"MINERAL WATER (SMALL)",PCS,25,16
929,"CHICKEN BROAST MAYO (F)",NOS,640,28
930,"AL HAJ SPL CH JANGLI KARAHI (H)",PLATE,850,16
931,"CH REAL VLAGE (PANDO) KRHI (F)",PLATE,2600,16
932,"CH REAL VLAGE (PANDO) KARAHI (H)",PLATE,1350,16
933,"CH BAMBOO KARAHI (H)",PLATE,500,16
934,"BEEF BEHARI GREEN CHILLI MAYO ROLL",NOS,0,29
945,"PIZZA FRIES",PLATE,380,16
946,"CH SULIMANI KARAHI (H)",PLATE,360,16
947,"CH ACHAR HANDI (H)",PLATE,430,16
948,"FISH SPL HANDI (H)",PLATE,500,16
949,"CHICKEN KTAKAT HANDI (F)",PLATE,950,16
951,"MTN BROWN KARAHI DRY (H)",PLATE,625,16
952,"KHASH KHASH (PKT)",NOS,10,1
954,"HAND WASH (EMPTY BOTTLE)",NOS,1,1
955,"GARLIC POWDER (KGS)",KGS,200,1
956,"GINGER POWDER",KGS,200,1
957,"JUICE GLASS",PCS,35,1
958,"MILK POWDER",KGS,380,1
959,"PAPER BAGS (NO.5)",PKT,75,2
960,"PLAIN SHOPPER (15 X 22)",KGS,0,1
961,"SCALE CHARGER",NOS,300,1
962,"SALAD BOX (FAR HALEEM MASALAH)",NOS,160,1
963,"HEERA FINGER (FISH)",KGS,400,15
964,"COLD DRINK 2.25 LTR",NOS,91.5,1
965,"ACHAR MASALA",KGS,300,1
966,"CORN FLOUR (DAILY FOOD)",KGS,117,1
967,"CH NAMKEEN KARAHI (H)",PLATE,350,16
968,"MUTTON LAHORI KARAHI (H)",PLATE,0,16
969,"AALO BUKHARA CHUTNI",KGS,260,1
970,"BIO PHYNILE ROSE",LTR,60,1
971,"VEAL (KABAB KA GOSHT)",KGS,270,1
972,"SUZUKI TYRE TUBE",NOS,400,1
973,"FIRE BURNER",NOS,28000,1
974,"HEAVY DUTY BLANDER (PAK)",NO,24000,1
975,"CHICKEN WITHOUT PINGER",KGS,0,34
976,"SMALL GREEN PLATER",NOS,250,1
977,"CH ACHAR KARAHI (H)",PLATE,350,16
978,"CH SAFEDA KARAHI (H)",PLATE,360,16
979,"CHICKEN SHAN KARAHI (H)",PLATE,380,16
980,"CH GAJI BAR MNTKMRI KRHI (H)",PLATE,450,16
981,"CH DHAMAKA KARAHI (H)",PLATE,450,16
982,"MTN NAMKEEN KARAHI (H)",PLATE,600,16
983,"LAL MURABBA",KGS,130,1
984,"HARA MURABBA",KGS,130,1
985,"MANGO ICE CREAM",PACK,1000,1
986,"CRUNCH ICE CREAM",PACK,1000,1
987,"TUTI FRUTTI ICE CREAM",PACK,1000,1
988,BENGAN,KGS,15,1
989,"STEEL BOX",NOS,1400,1
990,"SHOPPER BOX",NOS,0,1
991,"KASHMIRI TEA",KG,9,1
992,"AL HAJ SPL CH JNGLI HANDI (H)",PLATE,950,16
993,"CHICKEN CAPITAL HANDI (H)",PLATE,430,16
994,"CHICKEN SHAN HANDI (H)",PLATE,400,16
995,"CH NAMKEEN HANDI (H)",PLATE,375,16
996,"CH DHAMAKA HANDI (H)",PLATE,450,16
997,"CHICKEN NIHARI GRABI",KG,200,16
998,"CH PRIME HANDI (H)",PLATE,425,16
999,"CHICKEN ARBI HANDI (H)",PLATE,430,16
1000,"CHICKEN SHAHI KARAHI (H)",PLATE,500,16
1001,"CH NOOR JAHAN KARAHI (F)",PLATE,950,16
1002,"CH MEHDI HASSAN KARAHI (H)",PLATE,600,16
1003,"CH SHAHJAHAN KARAHI (H)",PLATE,550,16
1004,"CH PIYARAY LAL KARAHI (H)",PLATE,500,16
1005,"CH LALA JHINGA KARAHI (H)",PLATE,700,16
1006,"CH DO PYAZA KARAHI (H)",PLATE,450,16
1007,"HAND FAN",NOS,120,1
1008,"MAYONIES (MAXICON)",NOS,75,1
1009,"MAYONIES (YOUNG'S)",NOS,245,1
1010,"SPL MUTTON WHITE KARAHI (F)",PLATE,0,16
1011,"INDEX BOOK",NOS,60,1
1012,"MALE & FEMALE (PLUGE)",NOS,35,1
1013,"ELECTRIC WIRE",MTR,38,1
1014,PRAWN-SMALL,KGS,350,1
1015,"CAPSUL LIGHT",NOS,100,1
1016,"ENERGY SAVER 11W",NOS,140,1
1017,"BATH LIGHT",NOS,700,1
1018,"ALOAI LIGHT COVER",NOS,1900,1
1019,FAN,NOS,3275,1
1020,"CIRCO MATIC 18'' FAN",NOS,2450,1
1021,"LED 10-WATTS",NOS,1200,1
1022,"IMPERIAL CLASSIC 30ML",NOS,231.9,1
1023,"FLOOR SCRUMBER WITH HAN",NOS,378.45,1
1024,"TH JE1600 JUICER 1.8 LTR",NOS,3000,1
1025,"WC BRUSH SET CLASSIC",NOS,343.96,1
1026,"ALUMINIUM BOX (F-1) 250-G",NOS,5,1
1027,"SCREW & GITTI (CAP)",DZN,15,1
1028,"AGAR BATTI",NOS,30,1
1029,"PISTA NUTS ICE CREAM",NOS,1000,1
1030,"PINEAPPLE ICE CREAM",NOS,1000,1
1031,"DAIG (BIG, SMALL & MEDIUM)",NOS,0,31
1032,"MAYONIES (GOOD)",LTR,0,1
1033,"ICE CREAM CUP",NOS,41.666,1
1034,"BIRYANI MASALA IN PACK",NOS,840,1
1035,"RED-CHILLIES POWDER IN PKT",NOS,170,3
1036,"BURNER 25-NOZAL",NOS,1,1
1037,"HD-ROTI KA ROLL",KGS,210,2
1038,"DHAKKAN (RAITA BOWL)",NOS,1.25,1
1039,"HD: SIZE (7 X 9)",KGS,215,1
1040,"DUPLICATE BILL BOOK (LARGE)",NOS,50,1
1041,"DUPLICATE BILL BOOK (SMALL)",NOS,25,1
1042,"SAWAINYA (COLOUR) 200-G",NOS,38,1
1043,"GINGER GARLIC POWDER",KGS,200,1
1044,"MUTTON ACHAR HANDI (H)",PLATE,0,16
1045,"FALSA (GREWIA)",KGS,70,1
1046,"CH BROWN KARAHI DRY (F)",PLATE,650,16
1047,"CHICKEN SHAN HANDI (F)",PLATE,750,16
1048,"CHAIR (GREEN)",NOS,1300,31
1049,"SMALL TABLE (GREEN)",NOS,1800,31
1050,"CAKE (SMALL)",NOS,60,1
1051,CHAYNE,NOS,140,1
1052,"GINGER POWDER PACKET",NOS,33,1
1053,"GARLIC POWDER PACKET 50-G",NOS,33,1
1054,"COLD DRINK STRAW",KGS,240,1
1055,"PAPER SHERMAL BAGS (NO.1)",PKT,20,2
1056,"DISPOSIBLE SPOON (L)",NOS,0.65,1
1057,"TIN CUTTER (STEEL)",NOS,75,1
1058,"LEMON CUTTER (WOOD)",NOS,75,1
1059,"PALLA (FISH)",KGS,467,15
1060,"PLAIN SHOPPER (10 X 14)",KGS,0,1
1061,"MUSHKA SMALL 500GM",PLATE,175,33
1062,"CHICKEN SHAN KARAHI (F)",PLATE,700,16
1063,"ENERGY SAVER 24W",NOS,210,1
1064,"HD: SIZE (6 X 8)",KGS,200,1
1065,"(SMALL) PAPER BAGS",PCS,0.688,1
1066,"AL HAJ SPL MTN JNGLI KARAHI (H)",PLATE,1050,16
1067,"CH HARA MASALA KARAHI (F)",PLATE,650,16
1068,"C.N.G ADVANCER",NOS,4500,1
1069,"CHUNNA (STEEL)",NOS,250,1
1070,"DETOLE -HAND WASH",BOTTLE,99,1
1071,"CYTOPAN 500MG",NOS,10.9,1
1072,"ELECTRIC WIRE (COIL)",COIL,3600,1
1073,"HIGH LIGHTER",PCS,50,1
1074,WHITO,PCS,30,1
1075,"PAPER BAGS (NO.3)",PKT,55,2
1076,"QT (ROUGH PAD) - KGS",KGS,90,1
1077,"CH SHAHJAHAN KARAHI (F)",PLATE,1000,16
1078,"COMPUTER INVOICE",PCS,2.5,1
1079,"ROD (400 WATT)",NOS,600,1
1080,"PUMFLET (PRINT)",PCS,1.8,1
1081,"MANU CARD RESTAURANT",PCS,100,1
1082,"CURRENCY CHECKER MACHINE",PCS,0,1
1083,"MACHINE GOODS",NOS,0,1
1084,"CH SHAHI HANDI (F)",PLATE,900,16
1085,"MEDA (COUNTER) IN PCS",PCS,23,1
1086,"SMALL TABLE (WHITE)",NOS,1500,31
1087,"BIG TABLE (WHITE)",NOS,0,31
1088,"CHAIR (WHITE)",NOS,900,31
1089,"DINNER PLATE (WHITE)",NOS,0,31
1090,"QTR PLATE (WHITE)",NOS,0,31
1091,"B.B.Q PLATER (PLASTIC)",NOS,0,31
1092,"RICE SPOON (STEEL)",NOS,0,31
1093,"ICE CREAM /SWEET SPOON (STEEL)",NOS,0,31
1094,"FORCKS (STEEL)",NOS,0,31
1095,"SMALL TRY (STEEL)",NOS,0,31
1096,"BIG TRY (STEEL)",NOS,0,31
1097,"SMALL TRY (PLASTIC)",NOS,0,31
1098,"BIG TRY ( PLASTIC)",NOS,1,31
1099,"THERMAL PRINTER ROLLS-LARGE",NOS,57,1
1100,"STRAWBERRY ICE CREAM",PACK,1000,1
1101,SWEETS,KGS,440,1
1102,"FAT (RIWAS)",KGS,120,1
1103,"OYSTER SAUCE",NOS,224,1
1104,"FISH FILAY (BROKEN)",KGS,220,1
1105,"CHANNAL PATTI (CHINA)",NOS,60,1
1106,"MUTTON GREEN HANDI (H)",PLATE,0,16
1107,"MUTTON BAMBU KARAHI (H)",PLATE,0,16
1108,"MUTTON KTAKAT KARAHI (H)",PLATE,0,16
1109,"MTN DHAMAKA KARAHI (H)",PLATE,600,16
1110,"MAIN HOLE CAP (DHUKKAN)",NOS,500,1
1111,"AIR FRESHNER",NOS,135,1
1112,"KAFOOR TABLET (GOLEE)",NOS,45,1
1113,"CH MUGHLAI KARAHI (F)",PLATE,800,16
1114,"CH BROWN KARAHI -G/B (F)",PLATE,750,16
1115,"CH ACHAR KARAHI (F)",PLATE,650,16
1116,"PLASTIC TUB",NOS,350,1
1117,"ENERGY SAVER 25W",NOS,160,1
1118,"NO-SPA TABS 40MG",NOS,2.33,1
1119,"HD: SIZE (4 X 5) (CHATNI)",KGS,210,1
1120,PHENYLE,KGS,33.334,1
1121,"SAFI IN PCS",PCS,20.833,1
1122,"CH DHAMAKA KARAHI (F)",PLATE,850,16
1123,"MANGO ESSANCE",BOTT,210,1
1124,"POWER PLUG",NOS,200,1
1125,"CHARGING/EMERGENCY LIGHT",NOS,800,1
1126,"CARD SHEET",NOS,14,1
1127,"CHICKEN TIKKA MASALA",PK,38.39,1
1128,"JASMINE GREEN TEA (SACHET)",NOS,15,1
1129,"MTN RESHEMI KARAHI (H)",PLATE,600,16
1130,"SLICE CHEESE",KGS,690,1
1131,"CHEDAL CHEESE IN PCS",NOS,185,1
1132,"WASH BASAN COMPLETE JALI",NOS,750,1
1133,"PRAWN HANDI (F)",PLATE,850,16
1134,"PLANT (PODA)",NOS,50,1
1135,"ENERGY SAVER 85W",NOS,750,1
1136,"PIPE (IN PIECE)",NOS,50,1
1137,"MUTTON SPL HANDI (F)",PLATE,0,16
1138,"CH GRILL KBAB KRHI (F)",PLATE,650,16
1139,"CH LAHORI KARAHI (F)",PLATE,700,16
1140,"BALL BEARING",NOS,270,1
1141,GREESE,NOS,80,1
1142,"MTN NAMKEEN KARAHI (F)",PLATE,1100,16
1143,"CHICKEN KTAKAT KARAHI (F)",PLATE,900,16
1144,"CH SULIMANI KARAHI (F)",PLATE,680,16
1145,"MTN PESHAWRI KARAHI (F)",PLATE,1050,16
1146,CEMENT,KGS,12,1
1147,"GENERATER OIL",LTR,387.5,1
1148,"MUTTON SHAN HANDI (H)",PLATE,0,16
1149,"SALARY BOOK",NOS,225,1
1150,PENCIL,NOS,6.5,1
1151,"LAL KAPRA",MTR,70,1
1152,"PAPER BAGS (NO.4)",PKT,65,2
1153,TAWA,NOS,3000,1
1154,"ANGETHI WITH VALVE",NOS,828,1
1155,"MUTTON KATAKAT HANDI (F)",PLATE,0,16
1156,"MTN DHAMAKA KARAHI (F)",PLATE,1100,16
1157,"TOILET CLEANER",NOS,110,1
1158,"PIPE NIPPLE",NOS,30,1
1159,"WATER TAP",NOS,15,1
1160,"NULL (TAP)",NOS,300,1
1161,"CHAKKI AATA",BAG,2040,1
1162,"TEA MATE",NOS,100,1
1163,"DOUBLE TAPE",NOS,70,1
1164,"SALT POT",NOS,250,1
1165,"SPRAY BOTTLE",NOS,100,1
1166,CHAIN,NOS,140,1
1167,"ROP (RASSI)",NOS,125,1
1168,"CHILLI GARLIC KETCHUP (KNORR)",NOS,610,1
1169,"CH NAMKEEN KARAHI (F)",PLATE,650,16
1170,"DANDA BRUSH PLASTIC",NOS,1,1
1171,"MUTTON ACHAR HANDI (F)",PLATE,0,16
1173,HALEEM,NOS,120,1
1174,"MUTTON BAMBU KARAHI (F)",PLATE,0,16
1175,"MUTTON GREEN KARAHI (H)",PLATE,0,16
1176,NEEL,NOS,30,1
1177,"DEMAND BOOK",NOS,135,1
1178,"ORDER BOOKING BOOK",NOS,200,1
1179,"ACCOUNTS REGISTER",NOS,445,1
1180,"ATTENDANCE REGISTER",NOS,225,1
1181,"DELIVERY CHALLAN BOOK",NOS,80,1
1182,"TRIPLICATE BOOK (LARGE)",NOS,70,1
1183,"TRIPLICATE BOOK (SMALL)",NOS,40,1
1184,"AL HAJ SPL MTN JNGLI KARAHI (F)",PLATE,2000,16
1185,MOONJ,KGS,300,1
1186,"PLAIN SHOPPER (15 X 19)",KGS,0,2
1187,LOTA,NOS,60,1
1188,"BEEF FOR HALEEM",KGS,0,1
1189,"AL HAJ SPL CH JNGLI HANDI (F)",PLATE,1850,16
1190,"ICE CREAM 1/2 LTR",NOS,130,30
1191,"CLIP BOARD",NOS,75,1
1192,"CH NAMKEEN HANDI (F)",PLATE,700,16
1193,"FISH SPL KARAHI (F)",PLATE,950,16
1194,"CH CHASKA WHITE KARAHI (F)",PLATE,650,16
1195,"USED CHAIR",NOS,2000,1
1196,"PAPER BAGS (NO.2)",PKT,36,2
1197,"AFTARI FRUIT",NOS,1800,1
1198,"FOAM (CLEANER)",NOS,5,1
1199,"ZATOFEN TABS",NOS,6.49,1
1200,"THERMAL ECR ROLLS-SMALL",NOS,42,1
1201,AMONIA,KGS,40,1
1202,JAM-E-SHEREEN,BOTT,229.16,1
1203,GULQAND,KGS,160,1
1204,"BIRYANI BOX-(LP-11) QTR",PCS,4.5,2
1205,"DISH WASH",LTR,15,1
1206,"HAND WASH",LTR,50,1
1207,"MTN BROWN KARAHI DRY (F)",PLATE,1150,16
1208,"MUTTON GREEN KARAHI (F)",PLATE,0,16
1209,"MUTTON SHAHI HANDI (H)",PLATE,0,16
1210,"MUTTON WHITE KARAHI DRY (H)",PLATE,0,16
1211,"CH LALA JHINGA KARAHI (F)",PLATE,1300,16
1212,"MUTTON KTAKAT KARAHI (F)",PLATE,0,16
1213,"ORANGE ESSENCE",BOTT,491.66,1
1214,"PINEAPPLE ESSENCE",NOS,230,1
1215,"TELEPHONE SET (PANASONIC)",NOS,950,1
1216,"MTN DHAMAKA HANDI (F)",PLATE,1050,16
1217,HOLDER,NOS,20,1
1218,"TANDOOR KAY PATRAY",NOS,0,1
1219,BELAN,NOS,0,1
1220,"TANDOOR JORE (PAIR)",NOS,1500,1
1221,"PARSAL BOX- LARGE",PCS,0,1
1222,"SUZUKI TYRE WITH TUBE",NOS,3300,1
1223,"KARAHI GOSHT MASALA",NOS,44.166,3
1224,"ACHAR GOSHT MASALA",NOS,44.166,3
1225,"ICE CREAM SCOOP",NOS,600,1
1226,"KARONDA MURABBA",KGS,240,1
1227,"APPLE MURABBA",KGS,240,1
1228,"ORANGE MURABBA",KGS,200,1
1229,"MTN HARA MASALA KARAHI (H)",PLATE,550,16
1230,"PELA MURABBA",KGS,110,1
1231,"MTN CHASKA WHITE KARAHI (F)",PLATE,1050,16
1232,"MTN BROWN KARAHI -G/B (F)",PLATE,1250,16
1233,"ERASER (RABBER)",NOS,15,1
1234,SHARPNER,NOS,6,1
1235,STAPLER,NOS,180,1
1236,"BATTERY WATER",NOS,150,1
1237,BRICK,NOS,50,1
1238,"JASMINE GREEN TEA (JAAR)",NOS,100,1
1239,BLOCK,NOS,17,1
1240,"SAND (RETI)",NOS,200,1
1241,"SHIRT (WAITER)",NOS,1,1
1242,"TROUZER (PANT)",NOS,1,1
1243,"CHICKEN RESHEMI KARAHI (F)",PLATE,780,16
1244,"CH KALY HARY MAIN KARAHI (F)",PLATE,650,16
1245,"LOHAY WALI SHELF",NOS,1,1
1246,PANCHAKHAY,NOS,1,1
1247,"MTN KALY HARY MAIN KARAHI (H)",PLATE,550,16
1248,"MTN RESHEMI KARAHI (F)",PLATE,1150,16
1249,"STAMP PAD INK",NOS,30,1
1250,"WATER PUMP (1 HP)",NOS,12000,1
1251,"PONI (STEEL)",NOS,250,1
1252,"MATTI KE TIKYA",DZN,75,1
1253,"MUTTON WHITE KARAHI DRY (F)",PLATE,0,16
1254,"CH ACHAR HANDI (F)",PLATE,800,16
1255,"BATAIR SPL HANDI (H)",PLATE,400,16
1256,"MC-50 (SALAN BOWL)",NOS,6.3,31
1257,FISHKUND,KGS,650,15
1258,"LEDGER REGISTER",NOS,325,1
1259,"KHAGGA (FISH)",KGS,167,15
1260,"FISH- THELA DEMBARA",KGS,267,15
1261,"FISH- RAAHO",KGS,270,15
1262,"FISH- SURMAEE SLICE",KGS,325,15
1263,"SAARAM FINGER (LARGE FISH)",KGS,356,15
1264,"SOHA BETHKI FINGER (FISH)",KGS,345,15
1265,"SAARAM FINGER (SMALL FISH)",KGS,218,15
1266,"FISH- MUSHKA",KGS,450,15
1267,"FISH- DHOOTAR",KGS,360,15
1268,"FISH- CHINA PAAPLATE",KGS,380,15
1269,"FISH- BLACK PAAPLATE",KGS,404,15
1270,"FISH- WHITE PAAPLATE",KGS,450,15
1271,"REGISTER LARGE",NOS,180,1
1272,"SPL GRILL BOTI HANDI (H)",PLATE,450,16
1273,"CH CHILLI WITH RICE",PLATE,0,14
1274,"CH MANCHORIN (SZ/RICE)",PLATE,0,14
1275,"PRAWN SHASHILK WITH RICE",PLATE,0,14
1276,"CHK MAKHAN KARAHI (H)",PLATE,400,16
1277,"CH SPL HANDI (H)",PLATE,400,16
1278,"LAHORI RAAHO FISH FRY 500GM",PLATE,275,33
1279,"LAHORI RAAHO FISH FRY 1000GM",PLATE,550,33
1280,"FISH FINGER MS 500GM",PLATE,300,33
1281,"FISH FINGER FRY BESANI 250GM",PLATE,150,33
1282,"MUSHKA LARGE 500GM",PLATE,275,33
1283,"MUNGRA FINGER 500GM",PLATE,200,33
1284,"BETHKI FINGER 500GM",PLATE,400,33
1285,"CH JAL FAREZI WITH RICE",PLATE,0,14
1286,"DHOOTAR FISH SAJJI 500GM",PLATE,350,33
1287,"CH BOTI GRILL KRI (H)",PLATE,360,16
1288,"CHICKEN SPL MAKHAN HANDI (F)",PLATE,850,16
1289,"CH MALAI BOTI ROLL",NOS,100,29
1290,"SURMAEE SLICE 1-KG",PLATE,800,33
1291,"HEERA 1-KG",PLATE,700,33
1292,"SAARAM FINGER SMALL 500-GM",PLATE,200,33
1293,"CH CHILLI DRY",PLATE,220,14
1294,"SURMAEE SLICE 500GM",PLATE,400,33
1295,"SAARAM FINGER SMALL 1-KG",PLATE,350,33
1296,"HEERA TAWAH FISH FRY 500GM",PLATE,350,33
1297,"FISH FINGER MS 1-KG",PLATE,600,33
1298,"FISH FINGER FRY BESANI 500GM",PLATE,300,33
1299,"SEASONAL JUICES",NOS,90,30
1300,"CHICKEN SPL ROAST (H)",PLATE,270,17
1301,"HEERA TAWAH FISH FRY 1-KG",PLATE,700,33
1302,"BLACK PAAPLATE 500GM",PLATE,360,33
1303,"MUSHKA SMALL 1-KG",PLATE,300,33
1304,"FISH SPL KARAHI (H)",PLATE,500,16
1305,"CH SPL CHEESE HANDI (H)",PLATE,425,16
1306,"CH MALAI ROLL",NOS,90,29
1307,"RAHOO FISH FRY 500GM",PLATE,275,33
1308,"THELA DEMBARA FISH FRY 500GM",PLATE,300,33
1309,"WHITE IRANI PAAPLATE FISH FRY 500GM",PLATE,370,33
1310,"MTN SPL MAKHAN HANDI (H)",PLATE,550,16
1311,"FINGER WHITE FISH 500GM",PLATE,400,33
1312,"WHITE PAAPLATE (BEST) 1-KG",PLATE,600,33
1313,"WHITE PAAPLATE (NORMAL) 500GM",PLATE,500,33
1314,"BLACK DHOOTAR PAAPLATE 500GM",PLATE,350,33
1315,"ORANGE (KINO)",DZN,100,1
1316,"SINGAPUREAN RICE KOFTI FAMILY PACK (SMALL)",PLATE,0,16
1317,"SPL FINGER WHITE FISH 500GM",PLATE,400,33
1318,"RAHOO FISH FRY 500GM (BASANNI)",PLATE,225,33
1319,"CH MALAI SPICY MAYO ROLL",NOS,110,29
1320,"BEEF CRISPY MAYO ROLL",NOS,0,29
1321,"BEEF KABAB CRISPY MAYO ROLL",NOS,0,29
1322,"BEEF KABAB GREEN CHILLI MAYO ROLL",NOS,0,29
1323,"AL HAAJ SPL CH FRIED RICE",PLATE,0,14
1324,"HEERA 500GM",PLATE,350,33
1325,"HEERA FISH FRY 1-KG",PLATE,700,33
1326,"FISH FINGER FRY BESANI 1-KG",PLATE,600,33
1327,"CHINA PAAPLATE WHITE 500GM",PLATE,350,33
1328,"SAARAM FINGER LARGE 1-KG",PLATE,500,33
1329,"LAHORI CH CHARGHA ROAST (H)",PLATE,270,17
1330,"CHICKEN SPL ROAST (F)",PLATE,520,17
1331,"CHEESE SLICE",PLATE,15,28
1332,"BLACK PAAPLATE 1-KG",PLATE,650,33
1333,"SPL FINGER WHITE FISH 1-KG",PLATE,800,33
1334,"PRAWN KARAHI",PLATE,500,16
1335,"CH LALA JHINGA HANDI (F)",PLATE,1050,16
1336,"KHAGGA FINGER 500GM",PLATE,225,33
1337,"LAHORI CH DAIG STEAM CHARGHA (H)",PLATE,250,17
1338,"PRAWN CORN SOUP",NOS,100,14
1339,"DHOOTAR FISH 1-KG",PLATE,650,33
1340,"PRAWN MANCHORIN",PLATE,300,14
1341,"HEERA FISH FRY 500GM",PLATE,350,33
1342,"DHOOTAR FISH 500GM",PLATE,325,33
1343,"MUSHKA LARGE 1-KG",PLATE,500,33
1344,"PRAWN HOT & SOUR SOUP",PLATE,110,14
1345,"PRAWN CHOWMIN",PLATE,300,14
1346,"LAHORI CH DAIG STEAM CHARGHA (F)",PLATE,480,17
1347,"CHICKEN DAABUO (H)",PLATE,270,17
1348,"WHITE PAAPLATE (BEST) 500GM",PLATE,350,33
1349,"PRAWN SPL MAKHAN HANDI (H)",PLATE,400,16
1350,"FINGER WHITE FISH 1-KG",PLATE,800,33
1351,"RAAHO 1-KG",PLATE,400,33
1352,"MUTTON ARBI HANDI (H)",PLATE,0,16
1353,"CHK MAKHAN KARAHI (F)",PLATE,750,16
1354,"CH TIKKA GRILL KARAHI (H)",PLATE,360,16
1355,"PRAWN CHILLI DRY",PLATE,280,14
1356,"MTN CAPITAL HANDI (H)",PLATE,600,16
1357,"SAARAM FINGER LARGE 500GM",PLATE,300,33
1358,"THELA DEMBARA FISH FRY 1-KG",PLATE,600,33
1359,"CHICKEN GARLIC WITH RICE",PLATE,0,14
1360,"CHICKEN DAABUO (F)",PLATE,520,17
1361,"MUNGRA BISCUIT FISH",KGS,280,1
1362,"MUNGRA FINGER FISH",KGS,260,1
1363,"SAARAM BISCUIT (LARGE FISH)",KGS,279,15
1364,"FINGER FISH",KGS,360,15
1365,"BISCUIT FISH",KGS,279,15
1366,"SAARAM FINGER (MEDIUM FISH)",KGS,220,15
1367,"CHICKEN B B GRILL KABAB KRI (H)",PLATE,350,16
1368,"CHICKEN B B GRILL KABAB KRI (F)",PLATE,650,16
1369,"CH NOOR JAHAN KARAHI (H)",PLATE,500,16
1370,"CHICKEN SHASHILCK DRY",PLATE,220,14
1371,"BETHKI FINGER 1-KG",PLATE,800,33
1372,"BLACK DHOOTAR PAAPLATE 1-KG",PLATE,600,33
1373,"WHITE PAAPLATE (NORMAL) 1-KG",PLATE,1000,33
1374,"CHICKEN LEMON WITH RICE",PLATE,0,14
1375,"CHICKEN GINGER WITH RICE",PLATE,0,14
1376,"KHAGGA FINGER 1-KG",PLATE,400,33
1377,"CHINA PAAPLATE WHITE 1-KG",PLATE,600,33
1378,"WHITE IRANI PAAPLATE FISH FRY 1-KG",PLATE,700,33
1379,"RAHOO FISH FRY 1-KG",PLATE,550,33
1380,"SPL GRILL BOTI HANDI (F)",PLATE,850,16
1381,"DUMBA SPL KARAHI (H)",PLATE,500,16
1382,"DUMBA SPL KARAHI (F)",PLATE,950,16
1383,"THELA DEMBARA TAWA FISH FRY 500GM",PLATE,300,33
1384,"THELA DEMBARA TAWA FISH FRY 1-KG",PLATE,600,33
1385,"HALEEM KE MACHINE",NOS,1,1
1386,"MUTTON ARBI KARAHI (F)",PLATE,0,16
1387,"CHICKEN ARBI KARAHI (F)",PLATE,750,16
1388,"MUTTON ACHAR KARAHI (F)",PLATE,0,16
1389,"CH BAMBOO KARAHI (F)",PLATE,900,16
1390,"CH BRAIN KARAHI (F)",PLATE,880,16
1391,"CHICKEN CAPITAL KARAHI (F)",PLATE,750,16
1392,"MTN CHASKA WHITE KARAHI (H)",PLATE,550,16
1393,"CH DO PYAZA KARAHI (F)",PLATE,850,16
1394,"CH GAJI BAR MNTKMRI KRHI (F)",PLATE,850,16
1395,"CH MEHDI HASSAN KARAHI (F)",PLATE,1100,16
1396,"CH DHAMAKA HANDI (F)",PLATE,850,16
1397,"MTN DHAMAKA HANDI (H)",PLATE,550,16
1398,"MTN SPL MAKHAN HANDI (F)",PLATE,1050,16
1399,"FISH SPL HANDI (F)",PLATE,950,16
1400,"PRAWN SPL MAKHAN HANDI (F)",PLATE,750,16
1401,"MUTTON GREEN HANDI (F)",PLATE,0,16
1402,"MTN KALY HARY MAIN KARAHI (F)",PLATE,1050,16
1403,"MUTTON LAHORI KARAHI (F)",PLATE,0,16
1404,"CH PIYARAY LAL KARAHI (F)",PLATE,950,16
1405,"CHICKEN SHAHI KARAHI (F)",PLATE,900,16
1406,"MUNGRA FINGER 1-KG",PLATE,350,16
1407,"EGG FRIED RICE",PLATE,0,14
1408,"HD: SIZE (7 X 6)",KGS,205,2
1409,"MTN HARA MASALA KARAHI (F)",PLATE,1050,16
1410,"CH SAFEDA KARAHI (F)",PLATE,680,16
1411,"LIVE PRAWN FRIED RICE 2P",PLATE,0,14
1412,"AL HAJ SPL CH JANGLI KARAHI (F)",PLATE,1660,16
1413,"CH TIKKA GRILL KARAHI (F)",PLATE,700,16
1414,"CH BOTI GRILL KARAHI (F)",PLATE,700,16
1415,"CH WHITE KARAHI DRY (F)",PLATE,650,16
1416,"LAHORI CH CHARGHA ROAST (F)",PLATE,520,17
1417,"CH SPL CHEESE HANDI (F)",PLATE,800,16
1418,"MUTTON CAPITAL KARAHI (H)",PLATE,0,16
1419,"MUTTON CAPITAL KARAHI (F)",PLATE,0,16
1420,"BATAIR SPL KARAHI (F)",PLATE,850,16
1421,"CH (B/L) BOTI GRILL KARAHI (H)",PLATE,450,16
1422,"CH (B/L) BOTI GRILL KARAHI (F)",PLATE,850,16
1423,"MUTTON BRAIN KARAHI (H)",PLATE,0,16
1424,"MUTTON BRAIN KARAHI (F)",PLATE,0,16
1425,"MUTTON DO PYAZA KARAHI (H)",PLATE,0,16
1426,"MUTTON DO PYAZA KARAHI (F)",PLATE,0,16
1427,"CHICKEN ARBI HANDI (F)",PLATE,800,16
1428,"MUTTON ARBI HANDI (F)",PLATE,0,16
1429,"CHICKEN RED KARAHI (H)",PLATE,350,16
1430,"CHICKEN RED KARAHI (F)",PLATE,650,16
1431,"MUTTON SAFEDA KARAHI (H)",PLATE,0,16
1432,"MUTTON SAFEDA KARAHI (F)",PLATE,0,16
1433,"MUTTON SULIMANI KARAHI (H)",PLATE,0,16
1434,"MUTTON SULIMANI KARAHI (F)",PLATE,0,16
1435,"MUTTON SHAHI KARAHI (H)",PLATE,0,16
1436,"MUTTON SHAHI KARAHI (F)",PLATE,0,16
1437,"MTN GAJI BAR MNTKMRI KRHI (H)",PLATE,600,16
1438,"MTN GAJI BAR MNTKMRI KRHI (F)",PLATE,1100,16
1439,"MTN LALA JHINGA KARAHI (H)",PLATE,900,16
1440,"MTN LALA JHINGA KARAHI (F)",PLATE,1700,16
1441,"MUTTON SHAN KARAHI (H)",PLATE,0,16
1442,"MUTTON SHAN KARAHI (F)",PLATE,0,16
1443,"SPL FISH WHITE KARAHI (H)",PLATE,550,16
1444,"SPL FISH WHITE KARAHI (F)",PLATE,1050,16
1445,"MTN SPL CHEESE HANDI (H)",PLATE,600,16
1446,"MTN SPL CHEESE HANDI (F)",PLATE,1150,16
1447,"CHICKEN CAPITAL HANDI (F)",PLATE,800,16
1448,"MTN CAPITAL HANDI (F)",PLATE,1100,16
1449,"CHICKEN BAMBOO HANDI (F)",PLATE,850,16
1450,"MUTTON BAMBOO HANDI (H)",PLATE,0,16
1451,"MUTTON BAMBOO HANDI (F)",PLATE,0,16
1452,"CHICKEN CHANA HANDI (F)",PLATE,700,16
1453,"DHOOTAR FISH SAJJI 1-KG",PLATE,600,33
1454,"AL HAAJ SPL PRAWN FRIED RICE",PLATE,0,16
1455,"PRAWN SHASHILCK",PLATE,280,16
1456,"PRAWN CHILLI WITH RICE",PLATE,0,16
1457,"MUTTON CHANA HANDI (H)",PLATE,0,16
1458,"MUTTON CHANA HANDI (F)",PLATE,0,16
1459,"MUTTON SHAHI HANDI (F)",PLATE,0,16
1460,"THELA DEMBARA 500GM",PLATE,225,33
1461,"THELA DEMBARA 1-KG",PLATE,400,16
1462,"MTN LALA JHINGA HANDI (H)",PLATE,625,16
1463,"MTN LALA JHINGA HANDI (F)",PLATE,1200,16
1464,"BATAIR SPL HANDI (F)",PLATE,750,16
1465,"MUTTON MAKHAN KARAHI (H)",PLATE,0,16
1466,"MUTTON MAKHAN KARAHI (F)",PLATE,0,16
1467,"MUTTON SHAN HANDI (F)",PLATE,0,16
1468,"CH VEGETABLE HANDI (F)",PLATE,700,16
1469,"MTN VEGETABLE HANDI (H)",PLATE,500,16
1470,"MTN VEGETABLE HANDI (F)",PLATE,950,16
1471,"DHOOTAR FISH FRY 500GM",PLATE,325,16
1472,"DHOOTAR FISH FRY 1-KG",PLATE,650,16
1473,"MTN MASALA HANDI (H)",PLATE,550,16
1474,"MTN MASALA HANDI (F)",PLATE,1050,16
1475,"CH PRIME HANDI (F)",PLATE,800,16
1476,"MUTTON PRIME HANDI (H)",PLATE,0,16
1477,"MUTTON PRIME HANDI (F)",PLATE,0,16
1478,"MUTTON NAMKEEN HANDI (H)",PLATE,0,16
1479,"MUTTON NAMKEEN HANDI (F)",PLATE,0,16
1481,"MTN REAL VLAGE (PANDO) KARAHI (F)",PLATE,2900,16
1482,"CHICKEN SHANWARI KARAHI (H)",PLATE,350,16
1483,"CHICKEN SHANWARI KARAHI (F)",PLATE,600,16
1484,"DUMBA MAKHAN KARAHI (H)",PLATE,550,16
1485,"DUMBA MAKHAN KARAHI (F)",PLATE,900,16
1486,"FISH SPL MAKHAN KARAHI (H)",PLATE,550,16
1487,"FISH SPL MAKHAN KARAHI (F)",PLATE,1050,16
1488,"BATAIR SPL MAKHAN KARAHI (H)",PLATE,425,16
1489,"BATAIR SPL MAKHAN KARAHI (F)",PLATE,800,16
1490,"BATAIR SPL WHITE KARAHI (H)",PLATE,450,16
1491,"FISH SPL MAKHAN HANDI (H)",PLATE,525,16
1492,"FISH SPL MAKHAN HANDI (F)",PLATE,1000,16
1493,"AL HAJ SPL MTN JNGLI HANDI (H)",PLATE,1200,16
1494,"AL HAJ SPL MTN JNGLI HANDI (F)",PLATE,2300,16
1495,"AL HAJ SPL FISH JNGLI HANDI (H)",PLATE,550,16
1496,"AL HAJ SPL FISH JNGLI HANDI (F)",PLATE,1050,16
1497,"HEERA FINGER 500GM",PLATE,400,33
1498,"HEERA FINGER 1-KG",PLATE,800,33
1499,"FISH ACHAR HANDI (H)",PLATE,450,16
1500,"FISH ACHAR HANDI (F)",PLATE,800,16
1501,"PRAWN ACHAR HANDI (H)",PLATE,450,16
1502,"PRAWN ACHAR HANDI (F)",PLATE,800,16
1503,"BATAIR ACHAR HANDI (H)",PLATE,450,16
1504,"BATAIR ACHAR HANDI (F)",PLATE,800,16
1505,"FISH CAPITAL HANDI (H)",PLATE,450,16
1506,"FISH CAPITAL HANDI (F)",PLATE,800,16
1507,"PRAWN CAPITAL HANDI (H)",PLATE,450,16
1508,"PRAWN CAPITAL HANDI (F)",PLATE,800,16
1509,"BATAIR CAPITAL HANDI (H)",PLATE,450,16
1510,"BATAIR CAPITAL HANDI (F)",PLATE,800,16
1511,"DUMBA PRIME HANDI (H)",PLATE,500,16
1512,"DUMBA PRIME HANDI (F)",PLATE,850,16
1513,"PRAWN JAL FAREZI WITH RICE",PLATE,0,14
1514,"PRAWN MANCHORIN (SZ/RICE)",PLATE,0,14
1515,"PRAWN LEMON WITH RICE",PLATE,0,14
1516,"PRAWN GARLIC WITH RICE",PLATE,0,14
1517,"PRAWN GINGER WITH RICE",PLATE,0,14
1518,"PRAWN SHASHILCK DRY",PLATE,280,14
1519,"RAAHO FISH SAJJI 500GM",PLATE,320,33
1520,"RAAHO FISH SAJJI 1-KG",PLATE,600,33
1521,"HEERA FISH SAJJI 500GM",PLATE,320,33
1522,"HEERA FISH SAJJI 1-KG",PLATE,600,33
1523,"THELA DEMBARA FISH SAJJI 500GM",PLATE,350,33
1524,"THELA DEMBARA FISH SAJJI 1-KG",PLATE,600,33
1525,"DHOOTAR FISH ANGARA 500GM",PLATE,350,33
1526,"DHOOTAR FISH ANGARA 1-KG",PLATE,600,33
1527,"RAAHO FISH ANGARA 500GM",PLATE,320,33
1528,"RAAHO FISH ANGARA 1-KG",PLATE,600,33
1529,"HEERA FISH ANGARA 500GM",PLATE,320,33
1530,"HEERA FISH ANGARA 1-KG",PLATE,600,33
1531,"THELA DEMBARA FISH ANGARA 500GM",PLATE,350,33
1532,"THELA DEMBARA FISH ANGARA 1-KG",PLATE,600,33
1533,"CH CHARGHA (CHAWAL BHARA) 500GM",PLATE,280,17
1534,"CH CHARGHA (CHAWAL BHARA) 1-KG",PLATE,550,17
1535,"QTA ALSI B CH SAJJI (WITH RICE) 500GM",PLATE,0,17
1536,"QTA ALSI B CH SAJJI (WITH RICE) 1-KG",PLATE,0,17
1537,"BATAIR ROAST 500GM",PLATE,350,17
1538,"TOOTH PICK (BOX)",BOX,165,1
1539,"FISH FILAY ( 5 X 8 )",KGS,260,15
1540,"CUTTER (KNIFE)",NOS,25,1
1541,"COOKER BELT",NOS,400,1
1542,"MITTI KE PIYALI",NOS,5,1
1543,JECTOR,NOS,0,1
1544,"COFFEE CUP",NOS,0,1
1545,"FISH FILAY (3 X 5 )",KGS,220,15
1546,"FISH FEED",PKT,90,1
1547,"BIRYANI BOX SMALL",PCS,4,2
1548,"MOONG PHALI DANA",KGS,240,1
1549,"SECTION BOOK",NOS,1,1
1550,"FISH- SHOKIAT (RANGI)",KGS,370,1
1551,"CARROT CUTTER",NOS,700,1
1552,"SLICE JUICE",NOS,25,1
1553,"ALUMINIUM/ PLATINIUM FOIL 12""",PKT,130,1
1554,"ALUMINIUM /PLATINIUM FOIL 18""",PKT,190,1
1555,"CHICKEN VEG ROLL",NOS,7,1
1556,"HOLE PUNCH- LARGE",NOS,240,1
1557,"HOLE PUNCH- SMALL",NOS,170,1
1558,"PRINTED SHOPPER (12 X 15)",PCS,0,2
1559,"ENERGY SAVER 8W",NOS,140,1
1560,"USB DEVICE",NOS,1800,1
1561,"KHEER/CUSTERD BOWL TABLE PARSAL",NOS,50,1
1562,"STEEL PATELA",NOS,1,1
1563,"QEEMA CUTTER",NOS,200,1
1564,"GLUE STICK",NOS,90,1
1565,"RAITA BOWL TABLE PARSAL",NOS,40,1
1566,"PLASTIC GLASS",NOS,25,1
1567,"PIPE (KGS)",KGS,75,1
1568,"OIL (EMPTY TIN)",NOS,56,1
1569,"OIL (JLA HUA)",NOS,1,1
1570,"ROTI KE GADDI",NOS,1,1
1571,"WELLCOME DRINK",NOS,15,1
1572,"KHALI BORI",NOS,30,1
1573,"PERGHOOB (TANDOOR)",NOS,220,1
1574,"METAL FAN",NOS,2850,1
1575,"NATIONAL FLAG",NOS,280,1
1576,"KHALI DRUM",NOS,1400,1
1577,"TEA MILKY",NOS,35,1
1578,"HARA RANG",NOS,180,1
1579,"QEEMA MACHINE",NOS,3200,1
1580,"MUSTERD SAUCE",NOS,80,1
1581,MOBILE,NOS,2200,1
1582,"LAL RANG",NOS,180,1
1583,FINYLE,KGS,70,1
1584,"KUNNA MASALA",PKT,50,1
1585,CALENDER,NOS,1,1
1586,"MULTANI MITTI",NOS,1000,1
1587,"PLASTIC JUG",NOS,180,1
1588,"RESTAURANT FOLDER",NOS,1,1
1589,"FISH FRY (LIVE CHARGES)",KGS,100,1
1590,"RC-400 (SALAN BOWL)",NOS,6.5,2
1591,"FISH BANGASH",KGS,350,15
1592,"PLASTIC BOX - 1-KG",NOS,12,2
1593,"PLASTIC BOX - 2-KG",NOS,45,2
1594,"PLASTIC BOX - 3-KG",NOS,60,2
1595,"CHICKEN BONELESS",KG,855,1
1596,LAHSAN,KG,0,1
1597,"MALIR MIRCH",KG,0,1
1598,"BARI MIRCH",KG,0,1
1599,PIYAZ,KG,0,1
1600,JONA,12,0,1
1601,"BIRYANI SADI",PLATE,1,22
1602,"SINGAPUREAN RICE KOFTI (LARGE)",PLATE,0,22
1604,"HALEEM 1/2 KG",PLATE,100,22
1605,"CHICKEN NIHARI (SINGLE)",PCS,30,22
1606,"CHICKEN NIHARI (DOUBLE)",PLATE,200,22
1607,"CREAM COCKTALL HALF KG",KG,200,22
1608,"CREAM COCKTALL FULL KG",KG,400,22
1609,"COLD DRINK N.R 300ML",PCS,30,12
1610,"RAITA ( CUP )",CUP,25,12
1611,"COLD-DRINK CRATE",CRATE,475,12
1612,SALAD,PCS,40,22
1613,"RAITA (SMALL)",PCS,50,22
1614,"CHICKEN SHAHLICK WITH RICE 500 GM",KG,0,14
1615,"COLD DRINK REGULAR 250 ML",PCS,25,12
1616,"CHICKEN QORMA",KG,0,1
1617,"CHICKEN KARAHI",KG,0,1
1618,WERITY,KG,120,1
1619,CHAMCHAM,KG,160,1
1620,MASALA,KG,0,3
1621,DESSERTS,P/H,0,11
1622,GARDAN,1,0,34
1623,CARTAGES,1,0,1
1624,"SINGAPUREAN RICE",KG,1150,35
1625,"SINGAPUREAN RICE KOFTI PER KG",KG,1400,35
1626,"FAMILY PACK (LARGE)",NO,40,2
1627,"FAMILY PACK (SMALL)",NO,35,2
1628,"KUNNA MUTTON",KG,200,1
1629,"TAFTTAN IN KG (M)",KG,150,1
1630,"AGRA SHAHE",KG,390,1
1631,"BEEF FOR BIRYANI",KG,440,1
1632,"BEEF FOR QORMA",KG,0,1
1634,FARE,NO,0,1
1635,"SILVER CREAM",KG,360,1
1636,JAMSI,KG,400,1
1637,"RAWAZ BEEF",KG,100,1
1638,"CHICKEN FOR NIHARI",KG,0,1
1639,DRUM,1,0,1
1640,WINGS,1,0,1
1641,"BEEF (FOR NIHARI)",KG,0,1
1642,"BADAM CUTTER",KG,1050,1
1643,"CHICKEN THAI",KG,326,1
1644,"SALAM BAKRA W/O MEAT",NOS,2000,1
1645,"M.BREAD NO",NO,17,1
1646,"FISH DANGARI",KG,0,1
1647,"SUGAR KG",KG,0,1
1648,"NIHARI MASALAH",PK,38.39,1
1649,"LAHORI FISH MASALAH",PK,38.39,1
1650,"M.BREAD KG",KG,270,1
1651,"MINERAL WATER",NOS.,90,1
1652,MALPURA,NOS.,25,1
1653,"MASALLA DOSA POTATO",NOS.,60,1
1654,KAKRONDA,KG,280,1
1655,LACHA,KG,200,1
1656,LABOR,NO,0,1
1657,"YAKHNI SOUP",CUP,0,1
1658,"CHICKEN TIKKA (GREEN)",KG,110,1
1659,"GOLGUPPY PLATE",PLATE,40,1
1660,"CHANA CHAT PLATE",PALTE,40,1
1661,"CHICKEN MALAI KOFTA P/K",KG,1000,1
1662,"DAHI BARAY",NOS.,30,22
1663,"CHOCOLATE FOUNTAIN",NO,0,1
1664,NALI,NO,0,1
1665,"BEEF MAGHAZ",NO,0,1
1666,"DECORATION PER HEAD",1,0,1
1667,"ROTI MILKY (KGS) (K)",KG,78,1
1668,"TAFTTAN IN KG (K)",KG,390,1
1669,"ROTI MILKY (PCS) (K)",PCS,13,1
1670,"TAFTTAN IN PCS (K)",NO,23,1
1671,GRABI,KG,200,1
1672,"MUCCA JAWA",KG,40,1
1673,"BEEF BIRYANI",KGS,0,3
1674,"GARIBI KOFTA",KGS,450,3
1675,OPENING,1,0,1
1676,"EID SUITS",PCS,0,1
1677,"CUP KHEER",PCS,55,11
1678,"KHEER HALF PACK",NOS,175,11
1679,"KHEER FULL PACK",NOS,350,11
1680,SHOVRMA,NO,0,1
1681,"GOLA GANDA",NO,0,1
1682,"CHICKEN MALAI KOFTI P/K",KG,460,1
1683,VEGETABLE,KG,0,1
1684,"COLD DRINK (STING 240 ML)",NOS,516,12
1685,"CHICKEN POWDER (12 KGS)",CTN,0,1
1686,"FILE PAPER",ROLL,1,2
1687,KARAAM,KGS,0,1
1688,"FISH (IRANI)",KGS,730,15
1689,"BUND KABAB",PCS,40,6
1690,"THERMAPUL CUP (PRINTED)",PCS,0,1
1691,"THERMAPUL CUP",PCS,0,1
1692,"LEBINIS BOTI",KGS,0,8
1693,"OFFICE TABLE",NOS,0,1
1694,"GLASS (FURNITURE)",NOS,0,1
1695,"PAYE (BEEF)",PCS,0,1
1696,"MUTTON HANDI",KGS,800,1
1697,INGIR,KGS,0,1
1698,"CHICKEN POWER KGS",KGS,590,1
1699,"CHAPATI (ROTI)",PCS,5,1
1700,HARAROD,KGS,72,1
1701,FISH,KGS,400,15
1702,"CHANDAN KABAB",0,0,1
1703,"A-ONE OIL",0,0,1
1704,"KAMEL BEEF",0,0,1
1705,"BARKAT OIL",0,0,1
1706,"SUPREEMO OIL",TIN,0,1
1707,"FISH KABAB",0,0,1
1708,"CHICKEN BIHARI TIKKA",0,80,1
1709,"FISH GIRL",0,0,1
1710,"CHICKEN MAYO GARLIC",0,0,1
1711,"CHICKEN MALAI TIKKA",0,0,1
1712,"BEEF BONG",0,0,1
1713,SALAD.,0,0,1
1714,"FACEBOOK & NET EXPENSES",0,0,1
1715,"MUTTON FOR BIRYANI",0,0,1
1716,"MUTTON QOORMA",0,0,1
1717,"TURKISH KABAB",0,160,1
1718,"CHICKEN FOR TIKKA",0,0,1
1719,"CHICKEN DOOSA",0,0,1
1720,CHAT,0,0,1
1721,"CHICKEN BIRYANI ALO MASALA",0,0,1
1722,"BIRYANI MASALA BEEF",0,0,1
1723,"BALTI GOSHT",0,0,1
1724,S,0,0,1
1725,"SICILION ICE CREAM",0,0,1
1726,"TRAY GATHUE ICE CREAM",0,0,1
1727,MARONDA,0,0,1
1728,"SEERMAL TANDOOR",0,0,1
1729,"GREEN SALAD PLATER",0,0,1
1730,"LEMINUS TIKKA",0,0,1
1731,"LIBNANI TIKKA",0,0,1
1732,"LIBNANI BOTI",0,0,1
1733,"JIMSI BEEF",0,900,1
1734,"CHICK ALAQUBE",0,0,1
1735,"PROWN FRIEND CRUNB",0,0,1
1736,"CHICKEN CHEESE STICK",0,0,1
1737,"DESSERT BAR",0,0,1
1738,"CREAM CREMAL",0,0,1
1739,"MINT ROLL",0,0,1
1740,"CHICKEN CUTLUS",0,0,1
1741,PITE,0,0,1
1742,"CHICKEN BAZOO",0,0,1
1743,"BEEF FOR POLAO",0,0,1
1744,PARATHA,KGS,450,1
1745,"MUTTON FOR POLAO",0,0,1
1746,"SIGAPOREAN (PLATTER) SMALL",0,0,1
1747,"SIGAPOREAN (PLATTER) LARGE",0,0,1
1748,"MUTTON BONG",0,0,1
1749,INJEER,0,0,1
1750,RICE,0,350,1
1751,"PACKING SMALL",0,0,1
1752,"MUTTON CHANP",0,0,1
1753,"BAKRA (FULL)",0,0,1
1754,"MTTON STEAM",0,0,1
1755,"SLICE 240 ML",0,0,1
1756,"PET 500 ML",0,454,1
1757,"PET 1.5 LTR",0,492,1
1758,"PET 2.25 LTR",0,0,1
1759,"AQUAFINA 500",0,0,1
1760,"AQUAFINA 1.5 LTR",0,0,1
1761,"PET STING 500 ML",0,0,1
1762,"RAITA CUP 100G",0,0,1
1763,"QEEMA MASALA",0,0,1
1764,SHURTS,0,0,1
1765,"L.P 11 BOX",0,0,1
1766,"CHICKEN STEAM",0,0,1
1767,"PACKING LARGE",0,0,1
1768,"CHICKEN CHEESE BOL",0,0,1
1769,"KATA KUT",0,0,1
1770,"L.P 9 BOX",0,0,1
1771,"SMART REAL MAYO",QTY,5103,1
1772,BHINDI,0,0,1
1773,"DHAGA KABAB",0,0,1
1774,"GENERAL FOOD MATRIAL",0,0,1
1775,"SLICE 355ML",0,0,1
1776,KHOPRA,0,0,1
1777,KARELA,KG,0,1
1778,"EMPTY REG 250ML",UNIT,300,1
1779,GETTO,0,0,1
1780,"PRINTED SHOPPER (12 X 18)",0,0,1
1781,"OPENING FLAYER",0,0,1
1782,"BUCKET STIKER SMALL",0,0,1
1783,"BUCKET STIKER LARGE",0,0,1
1784,"DELIVERY CARD",0,0,1
1785,ROASTTED,0,0,1
1786,"BALOUCHI TIKKA",0,0,1
1787,SPARE,0,0,1
1788,"SHAHI BOTI",0,0,1
1789,"CHIK CORDON BLUE",0,0,1
1790,"CHICKEN POTA",0,0,1
1791,"CHICKEN MINI ROLL",0,0,1
1792,"VIP TANDOR",0,0,1
1793,"KOILA KARAHI",0,0,1
1794,"FOIL PAPER",QTY,0,2
1795,"PLASTIC BOX - 1/2-KG (500 ML-)",QTY,0,2
1796,"DALL CHENNI",0,0,1
1797,"QALAQUND & BERFE",KG,500,1
1798,"FRIED FISH",0,0,1
1799,"FISH MACKING",0,0,1
1800,AMROZ,KG,450,15
1801,"KHOYA DANA SPECIAL",0,570,1
1802,LOKI,KG,0,1
1803,"BEEF ISTOO QEEMA",KG,0,1
1804,"CHOTI LACHEI",KG,0,1
1805,SURSON,0,0,1
1806,"PISTA KULFI",0,0,1
1807,"LIVE CONE ICE CREAM",0,0,1
1808,"PERRI BITE",0,0,1
1809,"ROTI MAKAI",0,0,1
1810,"SINGAPORIEON TRY L",0,0,1
1811,"SINGAPORIEON TRY S",0,0,1
1812,"JAMBU PROWN",KG,0,1
1813,"EMTY DEPOSIT",0,0,1
1814,"C.C CUPS",QTY,0,1
1815,"COCKA COLA DISCOUNT ( ON BILL)",0,0,1
1816,"SPRIT 250 ML",0,0,1
1817,"LABOUR KASHIF FOOD DISCOUNT",0,0,1
1818,"COCA -COLA 250ML",QTY,448,1
1819,"FANT-ORN-SPL 250ML",QTY,448,1
1820,"COCA COLA 1.5 L",QTY,476,1
1821,"SPRIT 1.5L",QTY,476,1
1822,"FANTA 1.5 L",QTY,476,1
1823,"COCA COLA 330 ML",QTY,541,1
1824,"KINLEY WATER SOS 500 ML",QTY,255,1
1825,"KINLEY WATER SOS 1.50 ML",QTY,243,1
1826,"SPRIT ZERO 250ML",QTY,449,1
1827,"SPRITE 330ML",QTY,541,1
1828,"COCA- COLA 500ML",QTY,446,1
1829,"COCA COLA 2.25 ML",QTY,617,1
1830,"SPRITE 2.25ML",QTY,617,1
1831,"SPRITE 500ML",QTY,446,1
1832,"COCKA COLA 1.5",0,0,1
1833,"COCA COLA 2.5",0,0,1
1834,"FANTA,RED APPLE 500 ML",0,0,1
1835,"ADVANCE TAX COCA COLA",QTY,0,1
1836,"FANTA 2.5 LTR",0,617,1
1837,"SELLA SHAHI",0,0,1
1838,"ADVAMCE TAX",0,0,1
1839,"CUP & SPOON",0,0,1
1840,ZINDA,0,0,1
1841,HADYAN,0,0,1
1842,"SALAD BAL VIP",QTY,0,1
1843,"COCA-R,G.B",QTY,0,1
1844,"FANTA 330 -12 PCAN",QTY,0,1
1845,BHENDI,KG,0,1
1846,ARBE,KG,0,1
1847,HADI,0,100,1
1848,"PACKING CHARGES",0,0,1
1849,"LIVE KARAHI",0,400,1
1850,"MUTTON LIVE KARAHI",0,250,1
1851,"BEEF LIVE KARAHI",0,250,1
1852,"BEEF R.M",0,0,1
1853,RGBC,QTY,0,1
1854,SELJUM,KG,0,1
1855,R.G.B,0,0,1
1856,"JUMBO C.S",0,0,1
1857,"CHICKEN THAI (BONELESS)",KG,0,1
1858,"FANTA RED APPLE 250ML",QTY,431,1
1859,"DASANI WATER PET 500ML",QTY,257,1
1860,"CH GARLIC SAUCE",0,0,1
1861,CRACKER,QTY,0,1
1862,"DASANI WATER PET 1.5L",QTY,0,1
1863,"CHICKEN ALA KEW",KG,0,11
1864,CURD,KGS,200,1
1865,"EVIAON OIL 16LTR",QTY,0,1
1866,"MAYONIES 4 LTR (D)",QTY,1530,1
1867,"CHILLI GARLIC 3.9 KGS 4 GALLON",QTY,870,1
1868,"CHILLI GARLIC 4/4 N",QTY,0,1
1869,"CONTANIER 750ML",QTY,0,1
1870,"COCKATIL CUP",QTY,0,1
1871,"CONTAINER 1500ML",QTY,23,1
1872,"HD SHOPER LARG",KG,0,1
1873,"NICE CHEESE",QTY,0,1
1874,"GOND MAKHANY HALWA",KGS,1000,1
1875,I,KGS,1000,1
1876,"INJEER HALWA",KGS,0,1
1877,JUICE,NOS,0,1
1878,"MAYONIES BEST FOOD",QTY,1750,1
1879,"PARCEL SHOPER 12X16",QTY,380,1
1880,SERVICE,QTY,0,1
1881,"NAAN MILKY",KG,0,1
1882,"NAAN SINGLE",PCS,0,1
1883,"FARMAZ CHAPAZ",PCS,0,1
1884,"CHICKEN THAI (BONELESS)",KG,0,1
1885,"CHICKEN SEENA (BONELESS)",KG,0,1
1886,"CHICKEN BONELESS THAI",KG,0,1
1887,"CHICKEN BONELESS SEENA",KG,0,1
1888,"PLAIN SHOPER",KG,0,1
1889,"CHICKEN HOME",KG,0,1
1890,PAYA,QTY,0,1
1891,"CHARGES %",QTY,0,1
1892,"CHIK CHEESE STRIPS",PCS,0,1
1893,"AQBIC PUFFF",NOS,0,1
1894,"CHEESE TUMPORA",PCS,0,1
1895,"CHICKEN KABAB",PEC,120,1
1896,"CHK BIHARI KABAB",PEC,120,1
1897,"PANI PURI",NOS,0,1
1898,"SWEET BAAR VIP",NOS,140,1
1899,"FOIL KABAB",NOS,300,1
1900,"FISH AMROOS",KG,900,1
1901,"FACR MASK",QTY,130,1
1902,"CONTANIER 500ML",QTY,13,1
1903,"CONNECTION 1000ML",QTY,18,1
1904,"CONTAINER 1000ML",QTY,14,1
1905,"FOLK DISPOSSIBLE",QTY,2,1
1906,"PRINTED SHOPER",KG,0,1
1907,"DUSTBIN SHOPER",KG,180,1
1908,SARAM,KG,1220,1
1909,"BEEF FAISAL BHAI HOME",KG,0,1
1910,SHINWARI,NOS,0,1
1911,WHIP,QTY,330,1
1912,"ROGHN KULCHA",QTY,280,1
1913,"MANDI RICE",KGS,0,1
1914,PATIES,PCS,0,1
1915,"LOLY POP",PCS,0,1
1916,"CHAPATI ISTAL JPMC",QTY,5000,1
1917,"LIVE CONE WAFFLES",NOS,0,1
1918,"CHOCBAR DIPS",NOS,0,1
1919,"BBQ MAKING",KG,0,1
1920,"BBQ MACKING",KG,0,1
1921,"MIX VEGETABLE",KG,0,1
1922,"PLAN SHOPER",KG,0,1
1923,"H.D SHOPER",KG,0,1
1924,"LEG TIKKA",KG,0,1
1925,"AFGHANI PULAO",KGS,0,1
1926,"MEXICAN TIKKA",KGS,0,1
1927,"ANGARA KABAB",KGS,0,1
1928,"HANDI MAKING",KGS,550,1
1929,"VMD DOSA",PCS,100,1
1930,BEEF,KG,0,1
1931,"TEA CUPS PAPER CUP",QTY,0,1
1932,UNIFORM,PCS,0,1
1933,"WHITE FISH ITEMS",KG,0,1
1934,"DILL & GURDA",KG,0,1
1935,"MUTTON KABAB",KG,0,1
1936,"SHAFAQ OIL",KG,0,1
1937,"AFGANI POLAO",KG,0,1
1938,COOKTAIL,QTY,0,1
1939,"MILK PAK CREAM",QTY,0,1
1940,JOWTARI,KG,0,1
1941,"POP CONE",PCS,0,1
1942,"ALFA OIL",KG,0,1
1943,"AFGHANI BOTI",PCS,0,1
1944,CHAKI,KGS,0,1
1945,"ZEERA SABUT",KG,0,1
1946,"ALFRADO PASTA",PCS,0,1
1947,"RAMI CAN",QTY,0,1
1948,"KAALI MIRCH CUTTER",KG,0,1
1949,JELLY,KG,0,1
1950,BALOCHI,QTY,0,1
1951,"MILK (R)",KGS,175,1
1952,"CAKE ALASKA",NOS,0,1
1953,SHAHI,KG,360,1
1954,"CHIK ALAQUE",QTY,0,1
1955,"SKY DECK",PCS,0,1
1956,LIMKA,NOS,0,1
1957,"MATKA KULFI",NOS,0,1
1958,PAPLAT,KG,0,1
1959,"RAAJSTANI TIKKA",KGS,0,1
1960,"DYNAMITE CHICKEN",PCS,0,1
1961,"DYNAMITE PROWN",PCS,0,1
1962,CHOCKBAR,PCS,0,1
1963,"CHICKEN POKET",PCS,0,1
1964,"BISCUTS MIX",KGS,0,1
1965,"MARBAL CAKE",PCS,0,1
1966,"WELCOME PLATER FRIED",PCS,0,1
1967,"CHICKEN CHAP",QTY,0,8
1968,"BEEF KABAB",QTY,0,8
1969,"CHICKEN BAHARI",QTY,0,8
1970,"ELACHI SMALL",KG,0,1
1971,"ELACHI LARGE",KG,0,1
1972,"H CREAM 200ML",KG,0,1
1973,"MAKHAN 1KG",KG,0,1
1974,"CHOCLATE DANA",KG,0,1
1975,"LAL MIRCH CUTTER",KG,0,1
1976,"CHILI GARLIC 4/4",QTY,0,1
1977,"CHCIKEN TIKKA BP",KG,0,1
1978,"KAALI MIRCH SABUT",KG,0,1
1979,"CHICKEN GOLDEN",KG,0,1
1980,SARMAEI,KG,0,1
1981,"BEEF STAFF",KG,0,1
1982,"CHEESE BOLL",QTY,0,1
1983,"KUNAFA LIVE",QTY,0,1
1984,"WELL COME PLATER",QTY,0,1
1985,"TIKKA GOLDEN",KG,0,1
1986,"CHICKEN CONE",PCS,0,1
1987,"CHICKEN TIKKA",PEC,0,1
1988,"MISC KABAB",QTY,0,1
1989,"CLEANING ITMS MIX",QTY,0,1
1990,"ROYAL SALAD",NOS,0,1
1991,"SALAD BAR",QTY,0,1
1992,"SECURITY GUARD",QTY,0,1
1993,MACRONI,KG,0,1
1994,"BEEF -DANISH BHAI HOME",KG,0,1
1995,PROWN,KG,0,1
1996,"PAK OIL",QTY,0,1
1997,TRY,QTY,0,1
1998,"ARBI PUFF",QTY,100,1
1999,"CHEESE TEMPORA",QTY,450,1
2000,DYNAMIC,QTY,1250,1
2001,"MSG REPLACER SALT",KGS,0,1
2002,"ROCKET BAAR",PCS,0,1
2003,"COUNTAR TROLLY",QTY,0,1
2004,KAKAB,QTY,0,1
2005,"GULFI KABAB",KGS,0,1
2006,"LIVE KARAHI WHITE",KGS,0,1
2007,"REAL MAYO (N)",PKT,0,1
2008,"AKHROT HALWA",KGS,0,1
2009,"COUNTER SALAD",PCS,0,1
2010,"MAGIC SHOW ETC",NOS,0,1
2011,"BAHARI TIKKA",QTY,0,1
2012,"CONTAINER 2000 ML",PCS,42,1
2013,"BEEF HOME",KG,0,1
2014,"OIL SUPREMO",KG,0,1
2015,"CHEESE KABAB",KG,0,1
2016,"TANDOORI BAKRA",KG,0,1
2017,DISCOUNT,KG,0,1
2018,"CAMERA INSTALLATION EXP.",QTY,0,1
2019,"WHIPYWHIP CREAM",KG,0,1
2020,"STUFF FISH",QTY,0,1
2021,MANCHOREN,KG,0,1
2022,KOILA,KG,0,1
2023,"MUTTON BIRYANI",KG,0,1
2024,ASHARFI,KG,0,1
2025,"NAMKEEN ROAST",KG,500,1
2026,"TRAY DEPOSIT",1,0,1
2027,"ALOO (POTATO)",KG,0,1
2028,BREAD,1,80,1
2029,"CHICKEN CHANP GRILL",KG,200,1
2030,"SALAD BAR SMALL",QTY,700,1
2031,"TIKKA PARTY (MAKING)",KG,150,1
2032,"LEBANESE GRILL",KG,200,1
2033,"CHICKEN CHAANP",kg,0,1
2034,"SALAD PLATTER",kg,0,1
2035,"WHITE APRAN",QTY,0,1
2036,"BLACK APRAN",QTY,0,1
2037,"MALAI KABAB",KG,400,1
2038,"RESHMI KABAB",KG,1200,1
2039,"PULAO MASALA",KG,1300,1
2040,CHOORAN,KG,1300,1
2041,"PAPER PLATES",kg,0,1
2042,"CHICKEN PULP",KG,1220,1
2043,"PRAWN PEEL",KG,1800,1
2044,"CHICKEN CHEESE ROLL",KG,350,1
2045,"CHICKEN BIRYANI BP",KG,710,1
2046,"CHEESE CONE",kg,0,1
2047,CHARBI,kg,0,1
2048,"CHICKEN CHANP",kg,0,1
2049,"PURE 16LTR. (TIN)",LTR,7000,1
2050,"MARGARINE 16KG.",KG,0,1
2051,"SICILION ICECREAM",KG,0,1
2052,"FRY OLA 16 LTR",LTR,0,1
2053,"EMPTY MATKA",KG,0,1
2054,"HALEEM W/O MEAT",kg,0,1
2055,"REAL MAYO (N) SINGLE",KG,675,1
2056,"CONTAINER 3000ML",PCS,0,1
2057,"GARAM MASALA SABUT",KG,5000,1
2058,"CHICKEN COTTO BLUE",KG,0,1
2059,"GREEN TEA",LTR,0,1
2060,"KAND SLICE",KG,1700,1
2061,"CHICKEN POTA",KG,300,1
2062,"RED SNIPER FISH",KG,2760,1
2063,"CYLINDER REGULATORS",PCS,210,1
2064,"KAJU MALAI",KG,1500,1
2065,"KASHMIRI MIRCH",kg,0,1
2066,SIRKA,ml,0,1
2067,"ADRAK POWDER",kg,0,1
2068,"LASSAN POWDER",kg,0,1
2069,"TEA KAWA",LTR,60,1
2070,"TEA BAR",LTR,70,1
2071,"MUTTON (SALIM)",KG,2250,1
2072,DECORATION,PCS,0,1
2073,DAMPUKHT,KG,11418,1
2074,"CHICKEN HALEEM",kg,0,1
2075,"DAIG SILVER",PCS,1100,1
2076,"MANAA SILVER",PCS,1500,1
2077,THAAL,PCS,320,1
2078,PIYALA,PCS,900,1
2079,COOLER,PCS,240,1
2080,"KARAHI DHAKAN",PCS,550,1
2081,QALAI,PCS,1200,1
2082,"FRUIT TRATS",KG,65,1
2083,BROWNIES,PCS,48,1
2084,"MANI PIZZA",PCS,120,1
2085,"MUTTON KUNNA MAKING",KG,600,1
2086,"POMPHLET FISH",KG,1970,1
2087,SUSMIR,KG,2300,1
2088,"ARABIAN POP",KG,90,1
2089,"MINI DYNAMITE CHICKEN",KG,500,1
2090,"SILVER CUP",KG,8,1
2091,"SWEET AND SOUR FISH",KG,700,1
2092,CHOWMEIN,KG,1500,1
2093,"WHITE PASTA",KG,1500,1
2094,"FINGER TEMPURA",KG,500,1
2095,"CREAMO MAWA",KG,0,1
2096,"DYNAMITE TRAY",PCS,6.8,1
